MeV,time1 (ps),time2 (ps)
10.111,47165,35058
11.111,26165,20058
11.112,26144,20043
11.113,26125,20029
11.114,26104,20014
11.115,26083,19999
11.116,26063,19984
11.116,26042,19970
11.117,26021,19955
11.118,26001,19940
11.119,25980,19925
11.12,25959,19910
11.121,25938,19896
11.122,25918,19881
11.123,25897,19866
11.124,25877,19851
11.124,25856,19836
11.125,25835,19822
11.126,25815,19807
11.127,25794,19792
11.128,25773,19777
11.129,25753,19763
11.13,25732,19748
11.131,25711,19733
11.132,25691,19718
11.133,25670,19703
11.133,25650,19689
11.134,25629,19674
11.135,25608,19659
11.136,25588,19644
11.137,25567,19630
11.138,25547,19615
11.139,25526,19600
11.14,25506,19585
11.141,25485,19570
11.141,25464,19556
11.142,25444,19541
11.143,25423,19526
11.144,25403,19511
11.145,25382,19497
11.146,25362,19482
11.147,25341,19467
11.148,25321,19452
11.148,25302,19439
11.149,25281,19424
11.15,25261,19409
11.151,25240,19395
11.152,25220,19380
11.153,25199,19365
11.154,25179,19350
11.155,25158,19336
11.156,25138,19321
11.156,25117,19306
11.157,25097,19292
11.158,25076,19277
11.159,25056,19262
11.16,25036,19247
11.161,25015,19233
11.162,24995,19218
11.163,24974,19203
11.164,24954,19189
11.164,24933,19174
11.165,24913,19159
11.166,24892,19144
11.167,24872,19130
11.168,24852,19115
11.169,24831,19100
11.17,24811,19086
11.171,24790,19071
11.172,24770,19056
11.173,24750,19041
11.173,24729,19027
11.174,24709,19012
11.175,24689,18997
11.176,24668,18983
11.177,24648,18968
11.178,24627,18953
11.179,24607,18939
11.18,24587,18924
11.181,24566,18909
11.181,24546,18895
11.182,24526,18880
11.183,24505,18865
11.184,24485,18851
11.185,24465,18836
11.186,24446,18822
11.187,24426,18808
11.188,24406,18793
11.188,24385,18778
11.189,24365,18764
11.19,24345,18749
11.191,24324,18734
11.192,24304,18720
11.193,24284,18705
11.194,24264,18690
11.195,24243,18676
11.196,24223,18661
11.196,24203,18646
11.197,24183,18632
11.198,24162,18617
11.199,24142,18603
11.2,24122,18588
11.201,24102,18573
11.202,24081,18559
11.203,24061,18544
11.204,24041,18529
11.204,24021,18515
11.205,24001,18500
11.206,23980,18485
11.207,23960,18471
11.208,23940,18456
11.209,23920,18442
11.21,23900,18427
11.211,23880,18412
11.212,23859,18398
11.213,23839,18383
11.213,23819,18368
11.214,23799,18354
11.215,23779,18339
11.216,23759,18325
11.217,23738,18310
11.218,23718,18295
11.219,23698,18281
11.22,23678,18266
11.221,23658,18252
11.221,23638,18237
11.222,23618,18222
11.223,23598,18208
11.224,23579,18194
11.225,23559,18180
11.226,23539,18165
11.227,23519,18151
11.228,23499,18136
11.228,23479,18121
11.229,23459,18107
11.23,23439,18092
11.231,23419,18078
11.232,23399,18063
11.233,23378,18049
11.234,23358,18034
11.235,23338,18019
11.236,23318,18005
11.236,23298,17990
11.237,23278,17976
11.238,23258,17961
11.239,23238,17947
11.24,23218,17932
11.241,23198,17917
11.242,23178,17903
11.243,23158,17888
11.244,23138,17874
11.245,23118,17859
11.245,23098,17845
11.246,23078,17830
11.247,23058,17816
11.248,23038,17801
11.249,23018,17786
11.25,22998,17772
11.251,22979,17757
11.252,22959,17743
11.253,22939,17728
11.253,22919,17714
11.254,22899,17699
11.255,22879,17685
11.256,22859,17670
11.257,22839,17656
11.258,22819,17641
11.259,22799,17627
11.26,22779,17612
11.261,22759,17598
11.261,22739,17583
11.262,22721,17570
11.263,22701,17555
11.264,22681,17541
11.265,22662,17526
11.266,22642,17512
11.267,22622,17497
11.268,22602,17483
11.268,22582,17468
11.269,22562,17454
11.27,22542,17439
11.271,22523,17425
11.272,22503,17410
11.273,22483,17396
11.274,22463,17381
11.275,22443,17367
11.276,22423,17352
11.276,22404,17338
11.277,22384,17323
11.278,22364,17309
11.279,22344,17294
11.28,22324,17280
11.281,22305,17265
11.282,22285,17251
11.283,22265,17236
11.284,22245,17222
11.285,22226,17207
11.285,22206,17193
11.286,22186,17178
11.287,22166,17164
11.288,22146,17150
11.289,22127,17135
11.29,22107,17121
11.291,22087,17106
11.292,22068,17092
11.293,22048,17077
11.293,22028,17063
11.294,22008,17048
11.295,21989,17034
11.296,21969,17020
11.297,21950,17005
11.298,21930,16991
11.299,21911,16977
11.3,21891,16963
11.3,21872,16948
11.301,21851,16933
11.302,21831,16919
11.303,21812,16904
11.304,21793,16890
11.305,21773,16876
11.306,21754,16862
11.307,21734,16847
11.308,21715,16833
11.309,21694,16818
11.309,21675,16804
11.31,21655,16789
11.311,21636,16775
11.312,21617,16761
11.313,21597,16747
11.314,21578,16732
11.315,21557,16717
11.316,21538,16703
11.317,21518,16689
11.317,21499,16674
11.318,21480,16660
11.319,21460,16646
11.32,21441,16632
11.321,21420,16616
11.322,21401,16602
11.323,21381,16588
11.324,21362,16574
11.324,21343,16560
11.325,21324,16545
11.326,21304,16531
11.327,21285,16517
11.328,21264,16502
11.329,21245,16487
11.33,21225,16473
11.331,21206,16459
11.332,21187,16445
11.332,21168,16431
11.333,21148,16417
11.334,21128,16401
11.335,21108,16387
11.336,21089,16373
11.337,21070,16359
11.338,21051,16344
11.339,21031,16330
11.34,21012,16316
11.341,20991,16301
11.341,20972,16287
11.342,20953,16272
11.343,20934,16258
11.344,20915,16244
11.345,20895,16230
11.346,20876,16216
11.347,20857,16202
11.348,20836,16186
11.349,20817,16172
11.349,20798,16158
11.35,20779,16144
11.351,20760,16130
11.352,20740,16116
11.353,20721,16102
11.354,20701,16086
11.355,20681,16072
11.356,20662,16058
11.356,20643,16044
11.357,20624,16030
11.358,20605,16016
11.359,20586,16001
11.36,20565,15986
11.361,20546,15972
11.362,20527,15958
11.363,20508,15944
11.364,20489,15930
11.364,20470,15916
11.365,20450,15901
11.366,20431,15887
11.367,20411,15872
11.368,20392,15858
11.369,20373,15844
11.37,20354,15830
11.371,20334,15816
11.372,20315,15802
11.372,20296,15787
11.373,20276,15772
11.374,20257,15758
11.375,20238,15744
11.376,20219,15730
11.377,20200,15716
11.378,20181,15702
11.379,20162,15688
11.38,20141,15672
11.381,20122,15658
11.381,20103,15644
11.382,20084,15630
11.383,20065,15616
11.384,20046,15602
11.385,20027,15588
11.386,20008,15574
11.387,19987,15559
11.388,19969,15545
11.389,19950,15531
11.389,19931,15516
11.39,19912,15502
11.391,19893,15488
11.392,19874,15474
11.393,19853,15459
11.394,19834,15445
11.395,19815,15431
11.396,19796,15417
11.396,19777,15403
11.397,19759,15389
11.398,19740,15375
11.399,19719,15360
11.4,19700,15346
11.401,19681,15332
11.402,19662,15318
11.403,19644,15303
11.404,19625,15289
11.404,19606,15275
11.405,19587,15261
11.406,19566,15246
11.407,19548,15232
11.408,19529,15218
11.409,19510,15204
11.41,19491,15190
11.411,19472,15176
11.412,19453,15162
11.413,19433,15147
11.413,19414,15133
11.414,19395,15119
11.415,19376,15105
11.416,19358,15091
11.417,19339,15077
11.418,19320,15063
11.419,19300,15048
11.42,19281,15034
11.421,19262,15020
11.421,19243,15006
11.422,19224,14992
11.423,19206,14978
11.424,19187,14964
11.425,19168,14950
11.426,19148,14935
11.427,19129,14921
11.428,19110,14907
11.428,19091,14893
11.429,19073,14879
11.43,19054,14865
11.431,19035,14851
11.432,19015,14836
11.433,18996,14822
11.434,18977,14808
11.435,18959,14794
11.436,18940,14780
11.436,18921,14766
11.437,18902,14752
11.438,18882,14737
11.439,18863,14723
11.44,18845,14709
11.441,18826,14695
11.442,18807,14681
11.443,18789,14667
11.444,18770,14653
11.444,18751,14639
11.445,18731,14624
11.446,18712,14610
11.447,18694,14596
11.448,18675,14582
11.449,18656,14568
11.45,18638,14554
11.451,18619,14540
11.452,18599,14525
11.453,18580,14511
11.453,18562,14498
11.454,18543,14484
11.455,18524,14470
11.456,18506,14456
11.457,18487,14442
11.458,18469,14428
11.459,18448,14413
11.46,18430,14399
11.461,18411,14385
11.461,18393,14371
11.462,18374,14357
11.463,18355,14343
11.464,18337,14330
11.465,18317,14314
11.466,18298,14301
11.467,18280,14287
11.468,18261,14273
11.468,18242,14259
11.469,18224,14245
11.47,18205,14231
11.471,18185,14216
11.472,18167,14202
11.473,18148,14188
11.474,18130,14174
11.475,18111,14161
11.476,18093,14147
11.476,18074,14133
11.477,18056,14119
11.478,18036,14104
11.479,18017,14090
11.48,17999,14076
11.481,17980,14062
11.482,17962,14048
11.483,17943,14035
11.484,17925,14021
11.485,17905,14006
11.485,17886,13992
11.486,17868,13979
11.487,17848,13964
11.488,17830,13950
11.489,17812,13936
11.49,17794,13923
11.491,17774,13908
11.492,17756,13894
11.492,17738,13881
11.493,17718,13866
11.494,17700,13852
11.495,17682,13839
11.496,17662,13824
11.497,17644,13810
11.498,17626,13796
11.499,17607,13783
11.5,17588,13768
11.5,17570,13754
11.501,17552,13741
11.502,17532,13726
11.503,17514,13712
11.504,17496,13699
11.505,17476,13684
11.506,17458,13670
11.507,17440,13657
11.508,17422,13643
11.509,17402,13628
11.509,17384,13615
11.51,17366,13601
11.511,17346,13586
11.512,17328,13573
11.513,17310,13559
11.514,17290,13545
11.515,17272,13531
11.516,17254,13517
11.516,17236,13504
11.517,17217,13489
11.518,17198,13475
11.519,17180,13462
11.52,17161,13447
11.521,17143,13433
11.522,17125,13420
11.523,17105,13405
11.524,17087,13392
11.524,17069,13378
11.525,17051,13364
11.526,17032,13350
11.527,17013,13336
11.528,16995,13323
11.529,16976,13308
11.53,16958,13294
11.531,16940,13281
11.532,16920,13266
11.533,16902,13252
11.533,16884,13239
11.534,16866,13225
11.535,16847,13211
11.536,16829,13197
11.537,16811,13184
11.538,16792,13169
11.539,16774,13155
11.54,16756,13142
11.541,16736,13127
11.541,16718,13114
11.542,16700,13100
11.543,16682,13086
11.544,16663,13072
11.545,16645,13058
11.546,16627,13045
11.547,16608,13030
11.548,16590,13017
11.548,16572,13003
11.549,16552,12988
11.55,16534,12975
11.551,16517,12961
11.552,16499,12948
11.553,16479,12933
11.554,16461,12920
11.555,16443,12906
11.556,16424,12891
11.556,16406,12878
11.557,16388,12864
11.558,16369,12850
11.559,16351,12836
11.56,16333,12823
11.561,16315,12809
11.562,16296,12795
11.563,16278,12781
11.564,16260,12768
11.565,16241,12753
11.565,16223,12740
11.566,16205,12726
11.567,16186,12711
11.568,16168,12698
11.569,16150,12684
11.57,16133,12671
11.571,16113,12656
11.572,16095,12643
11.572,16078,12629
11.573,16058,12615
11.574,16041,12601
11.575,16023,12588
11.576,16003,12573
11.577,15986,12560
11.578,15968,12546
11.579,15950,12533
11.58,15931,12518
11.58,15913,12505
11.581,15895,12491
11.582,15876,12477
11.583,15858,12463
11.584,15841,12450
11.585,15821,12435
11.586,15804,12422
11.587,15786,12409
11.588,15768,12395
11.589,15749,12380
11.589,15731,12367
11.59,15714,12354
11.591,15694,12339
11.592,15677,12326
11.593,15659,12312
11.594,15640,12298
11.595,15622,12284
11.596,15604,12271
11.596,15587,12257
11.597,15567,12243
11.598,15550,12229
11.599,15532,12216
11.6,15513,12201
11.601,15495,12188
11.602,15478,12175
11.603,15459,12160
11.604,15441,12147
11.604,15423,12133
11.605,15404,12119
11.606,15386,12105
11.607,15369,12092
11.608,15351,12079
11.609,15332,12064
11.61,15314,12051
11.611,15297,12037
11.612,15278,12023
11.613,15260,12009
11.613,15243,11996
11.614,15223,11982
11.615,15206,11968
11.616,15188,11955
11.617,15171,11941
11.618,15152,11927
11.619,15134,11914
11.62,15116,11900
11.621,15097,11886
11.621,15080,11872
11.622,15062,11859
11.623,15043,11844
11.624,15026,11831
11.625,15008,11818
11.626,14991,11804
11.627,14972,11790
11.628,14954,11777
11.628,14936,11763
11.629,14917,11749
11.63,14900,11735
11.631,14882,11722
11.632,14863,11708
11.633,14846,11694
11.634,14828,11681
11.635,14811,11668
11.636,14792,11653
11.636,14774,11640
11.637,14757,11626
11.638,14738,11612
11.639,14720,11599
11.64,14703,11585
11.641,14684,11571
11.642,14667,11558
11.643,14649,11544
11.644,14632,11531
11.645,14613,11517
11.645,14595,11503
11.646,14578,11490
11.647,14559,11476
11.648,14541,11462
11.649,14524,11449
11.65,14505,11434
11.651,14488,11421
11.652,14470,11408
11.652,14453,11395
11.653,14434,11380
11.654,14417,11367
11.655,14399,11354
11.656,14380,11339
11.657,14363,11326
11.658,14345,11313
11.659,14327,11298
11.66,14309,11285
11.66,14292,11272
11.661,14274,11258
11.662,14256,11244
11.663,14238,11231
11.664,14221,11217
11.665,14202,11203
11.666,14185,11190
11.667,14167,11177
11.668,14149,11162
11.669,14131,11149
11.669,14114,11136
11.67,14096,11122
11.671,14078,11108
11.672,14060,11095
11.673,14043,11082
11.674,14024,11067
11.675,14007,11054
11.676,13990,11041
11.677,13971,11026
11.677,13954,11013
11.678,13936,11000
11.679,13918,10986
11.68,13901,10973
11.681,13882,10958
11.682,13865,10945
11.683,13848,10932
11.684,13830,10918
11.684,13813,10905
11.685,13794,10891
11.686,13777,10878
11.687,13759,10864
11.688,13742,10851
11.689,13723,10837
11.69,13706,10824
11.691,13688,10810
11.692,13671,10797
11.693,13652,10782
11.693,13635,10769
11.694,13617,10755
11.695,13600,10742
11.696,13583,10729
11.697,13564,10715
11.698,13547,10702
11.699,13529,10688
11.7,13512,10675
11.701,13494,10661
11.701,13477,10648
11.702,13458,10634
11.703,13441,10621
11.704,13423,10607
11.705,13406,10594
11.706,13388,10580
11.707,13371,10567
11.708,13352,10553
11.708,13335,10540
11.709,13317,10525
11.71,13300,10512
11.711,13283,10499
11.712,13265,10485
11.713,13248,10472
11.714,13230,10458
11.715,13213,10445
11.716,13194,10431
11.716,13178,10418
11.717,13159,10404
11.718,13142,10391
11.719,13124,10377
11.72,13107,10364
11.721,13089,10350
11.722,13072,10337
11.723,13054,10323
11.724,13037,10310
11.724,13020,10297
11.725,13002,10283
11.726,12985,10270
11.727,12967,10256
11.728,12950,10243
11.729,12932,10229
11.73,12915,10216
11.731,12897,10202
11.732,12880,10189
11.733,12861,10175
11.733,12845,10162
11.734,12826,10148
11.735,12810,10136
11.736,12791,10122
11.737,12775,10109
11.738,12756,10095
11.739,12740,10082
11.74,12723,10069
11.741,12705,10055
11.741,12688,10042
11.742,12670,10028
11.743,12653,10015
11.744,12635,10001
11.745,12618,9988
11.746,12600,9974
11.747,12583,9961.1
11.748,12565,9947.1
11.748,12548,9934.2
11.749,12530,9920.2
11.75,12513,9907.3
11.751,12495,9893.3
11.752,12478,9880.4
11.753,12462,9867.5
11.754,12443,9853.6
11.755,12427,9840.7
11.756,12409,9826.7
11.756,12392,9813.8
11.757,12374,9799.9
11.758,12357,9787
11.759,12339,9773
11.76,12322,9760.2
11.761,12304,9746.2
11.762,12287,9733.3
11.763,12269,9719.4
11.764,12253,9706.5
11.765,12235,9692.6
11.765,12218,9679.7
11.766,12200,9665.8
11.767,12183,9652.9
11.768,12167,9640.1
11.769,12148,9626.1
11.77,12132,9613.3
11.771,12114,9599.3
11.772,12097,9586.5
11.773,12079,9572.6
11.773,12062,9559.7
11.774,12044,9545.8
11.775,12028,9532.9
11.776,12010,9519
11.777,11993,9506.2
11.778,11975,9492.3
11.779,11958,9479.4
11.78,11940,9465.5
11.78,11924,9452.7
11.781,11907,9439.9
11.782,11889,9426
11.783,11873,9413.2
11.784,11855,9399.3
11.785,11838,9386.4
11.786,11820,9372.5
11.787,11804,9359.7
11.788,11786,9345.8
11.788,11769,9333
11.789,11751,9319.1
11.79,11734,9306.3
11.791,11717,9292.5
11.792,11700,9279.6
11.793,11682,9265.8
11.794,11665,9253
11.795,11648,9239.1
11.796,11631,9226.3
11.796,11614,9213.5
11.797,11597,9199.6
11.798,11580,9186.9
11.799,11562,9173
11.8,11546,9160.2
11.801,11528,9146.4
11.802,11511,9133.6
11.803,11493,9119.7
11.804,11477,9106.9
11.805,11459,9093.1
11.805,11442,9080.3
11.806,11424,9066.5
11.807,11408,9053.7
11.808,11390,9039.9
11.809,11374,9027.1
11.81,11357,9014.3
11.811,11339,9000.5
11.812,11323,8987.7
11.813,11305,8973.9
11.813,11289,8961.1
11.814,11271,8947.3
11.815,11254,8934.6
11.816,11236,8920.8
11.817,11220,8908
11.818,11202,8894.2
11.819,11186,8881.4
11.82,11168,8867.6
11.82,11151,8854.9
11.821,11134,8841.1
11.822,11117,8828.3
11.823,11099,8814.6
11.824,11083,8801.8
11.825,11067,8789.1
11.826,11049,8775.3
11.827,11032,8762.6
11.828,11015,8748.8
11.828,10998,8736
11.829,10980,8722.3
11.83,10964,8709.5
11.831,10946,8695.8
11.832,10930,8683
11.833,10912,8669.3
11.834,10896,8656.6
11.835,10878,8642.8
11.836,10862,8630.1
11.837,10844,8616.3
11.837,10828,8603.6
11.838,10811,8590.9
11.839,10793,8577.1
11.84,10777,8564.4
11.841,10759,8550.7
11.842,10743,8538
11.843,10725,8524.2
11.844,10709,8511.5
11.845,10691,8497.8
11.845,10675,8485.1
11.846,10657,8471.4
11.847,10641,8458.7
11.848,10623,8444.9
11.849,10607,8432.3
11.85,10589,8418.5
11.851,10573,8405.9
11.852,10555,8392.1
11.852,10539,8379.5
11.853,10523,8366.8
11.854,10505,8353.1
11.855,10489,8340.4
11.856,10471,8326.7
11.857,10455,8314
11.858,10437,8300.3
11.859,10421,8287.6
11.86,10403,8273.9
11.86,10387,8261.3
11.861,10369,8247.6
11.862,10353,8234.9
11.863,10336,8221.2
11.864,10319,8208.6
11.865,10302,8194.9
11.866,10286,8182.2
11.867,10269,8169.6
11.868,10252,8155.9
11.868,10235,8143.3
11.869,10218,8129.6
11.87,10202,8117
11.871,10184,8103.3
11.872,10168,8090.6
11.873,10150,8077
11.874,10134,8064.3
11.875,10117,8050.7
11.876,10100,8038
11.877,10083,8024.4
11.877,10067,8011.8
11.878,10049,7998.1
11.879,10033,7985.5
11.88,10016,7972.1
11.881,9999.7,7959.6
11.882,9982.5,7946.2
11.883,9965.2,7932.7
11.884,9949.2,7920.3
11.884,9932,7906.8
11.885,9914.7,7893.3
11.886,9898.8,7880.9
11.887,9881.5,7867.5
11.888,9864.3,7854
11.889,9848.3,7841.6
11.89,9831.1,7828.1
11.891,9815.2,7815.7
11.892,9798,7802.3
11.893,9780.7,7788.8
11.893,9764.8,7776.4
11.894,9747.6,7763
11.895,9730.4,7749.6
11.896,9714.5,7737.1
11.897,9697.3,7723.7
11.898,9680.1,7710.3
11.899,9664.2,7697.9
11.9,9647,7684.5
11.9,9631.1,7672.1
11.901,9613.9,7658.7
11.902,9596.7,7645.2
11.903,9580.9,7632.8
11.904,9563.7,7619.4
11.905,9546.5,7606
11.906,9530.7,7593.6
11.907,9513.5,7580.2
11.908,9496.3,7566.8
11.908,9480.5,7554.5
11.909,9463.3,7541
11.91,9446.2,7527.6
11.911,9430.4,7515.3
11.912,9413.2,7501.9
11.913,9397.4,7489.5
11.914,9380.3,7476.1
11.915,9363.1,7462.7
11.916,9347.3,7450.4
11.916,9330.2,7437
11.917,9313.1,7423.6
11.918,9297.3,7411.3
11.919,9280.2,7397.9
11.92,9263.1,7384.5
11.921,9247.3,7372.2
11.922,9230.2,7358.8
11.923,9213.1,7345.4
11.924,9197.3,7333.1
11.925,9180.2,7319.7
11.925,9164.5,7307.4
11.926,9147.4,7294
11.927,9130.3,7280.7
11.928,9114.5,7268.3
11.929,9097.5,7255
11.93,9080.4,7241.6
11.931,9064.7,7229.3
11.932,9047.6,7215.9
11.933,9030.6,7202.6
11.933,9014.8,7190.3
11.934,8997.8,7176.9
11.935,8980.8,7163.6
11.936,8965,7151.3
11.937,8948,7137.9
11.938,8932.3,7125.6
11.939,8915.3,7112.3
11.94,8898.2,7099
11.94,8882.5,7086.7
11.941,8865.5,7073.4
11.942,8848.5,7060
11.943,8832.8,7047.7
11.944,8815.8,7034.4
11.945,8798.8,7021.1
11.946,8783.1,7008.8
11.947,8766.2,6995.5
11.948,8749.2,6982.2
11.948,8733.5,6969.9
11.949,8716.5,6956.6
11.95,8700.9,6944.3
11.951,8683.9,6931
11.952,8666.9,6917.7
11.953,8651.3,6905.4
11.954,8634.3,6892.1
11.955,8617.4,6878.8
11.956,8601.7,6866.6
11.957,8584.8,6853.3
11.957,8567.8,6840
11.958,8552.2,6827.7
11.959,8535.3,6814.5
11.96,8518.3,6801.2
11.961,8502.7,6788.9
11.962,8485.8,6775.6
11.963,8470.2,6763.4
11.964,8453.3,6750.1
11.965,8436.4,6736.9
11.965,8420.8,6724.6
11.966,8403.9,6711.3
11.967,8387,6698.1
11.968,8371.4,6685.8
11.969,8354.5,6672.6
11.97,8337.6,6659.3
11.971,8322,6647.1
11.972,8305.2,6633.8
11.972,8289.6,6621.6
11.973,8272.7,6608.4
11.974,8255.8,6595.1
11.975,8240.3,6582.9
11.976,8223.4,6569.6
11.977,8206.6,6556.4
11.978,8191,6544.2
11.979,8174.2,6531
11.98,8157.3,6517.7
11.98,8141.8,6505.5
11.981,8125,6492.3
11.982,8108.1,6479
11.983,8092.6,6466.8
11.984,8075.8,6453.6
11.985,8060.3,6441.4
11.986,8043.4,6428.2
11.987,8026.6,6415
11.988,8011.1,6402.8
11.988,7994.3,6389.6
11.989,7977.5,6376.4
11.99,7962,6364.2
11.991,7945.2,6351
11.992,7928.4,6337.8
11.993,7913,6325.6
11.994,7896.2,6312.4
11.995,7879.4,6299.2
11.996,7863.9,6287
11.997,7847.2,6273.8
11.997,7831.7,6261.6
11.998,7814.9,6248.5
11.999,7798.2,6235.3
12,7782.7,6223.1
12.001,7766,6209.9
12.002,7749.2,6196.7
12.003,7733.8,6184.6
12.004,7717,6171.4
12.005,7700.3,6158.2
12.005,7684.9,6146.1
12.006,7668.1,6132.9
12.007,7651.4,6119.7
12.008,7636,6107.6
12.009,7619.3,6094.4
12.01,7603.8,6082.3
12.011,7587.1,6069.1
12.012,7570.4,6056
12.012,7555,6043.8
12.013,7538.3,6030.7
12.014,7521.7,6017.5
12.015,7506.3,6005.4
12.016,7489.6,5992.2
12.017,7472.9,5979.1
12.018,7457.5,5967
12.019,7440.8,5953.8
12.02,7424.2,5940.7
12.02,7408.8,5928.6
12.021,7392.1,5915.4
12.022,7376.8,5903.3
12.023,7360.1,5890.2
12.024,7343.5,5877.1
12.025,7328.1,5864.9
12.026,7311.5,5851.8
12.027,7294.8,5838.7
12.028,7279.5,5826.6
12.028,7262.9,5813.5
12.029,7246.2,5800.4
12.03,7230.9,5788.3
12.031,7214.3,5775.2
12.032,7197.7,5762.1
12.033,7182.3,5750
12.034,7165.7,5736.9
12.035,7150.4,5724.8
12.036,7133.8,5711.7
12.037,7117.2,5698.6
12.037,7101.9,5686.5
12.038,7085.3,5673.4
12.039,7068.7,5660.3
12.04,7053.4,5648.2
12.041,7036.9,5635.1
12.042,7020.3,5622.1
12.043,7005,5610
12.044,6988.5,5596.9
12.044,6973.2,5584.8
12.045,6956.6,5571.8
12.046,6940.1,5558.7
12.047,6924.8,5546.6
12.048,6908.3,5533.6
12.049,6891.7,5520.5
12.05,6876.5,5508.4
12.051,6859.9,5495.4
12.052,6843.4,5482.3
12.052,6828.1,5470.3
12.053,6811.6,5457.2
12.054,6795.1,5444.1
12.055,6779.9,5432.1
12.056,6763.4,5419.1
12.057,6748.1,5407
12.058,6731.6,5394
12.059,6715.1,5380.9
12.06,6699.9,5368.9
12.06,6683.4,5355.9
12.061,6666.9,5342.8
12.062,6651.7,5330.8
12.063,6635.3,5317.8
12.064,6618.8,5304.7
12.065,6603.6,5292.7
12.066,6587.1,5279.7
12.067,6570.7,5266.7
12.068,6555.5,5254.6
12.069,6539,5241.6
12.069,6523.8,5229.6
12.07,6507.4,5216.6
12.071,6490.9,5203.6
12.072,6475.8,5191.6
12.073,6459.3,5178.6
12.074,6442.9,5165.6
12.075,6427.7,5153.6
12.076,6411.3,5140.6
12.077,6394.9,5127.6
12.077,6379.7,5115.6
12.078,6363.3,5102.6
12.079,6346.9,5089.6
12.08,6331.8,5077.6
12.081,6315.4,5064.6
12.082,6300.2,5052.6
12.083,6283.8,5039.6
12.084,6267.5,5026.6
12.084,6252.3,5014.7
12.085,6236,5001.7
12.086,6219.6,4988.8
12.087,6203.5,4976
12.088,6188.6,4964.2
12.089,6172.5,4951.4
12.09,6156.3,4938.6
12.091,6140.2,4925.8
12.092,6124.1,4913
12.092,6109.2,4901.2
12.093,6093.1,4888.4
12.094,6076.9,4875.7
12.095,6060.8,4862.9
12.096,6044.7,4850.1
12.097,6028.6,4837.3
12.098,6013.8,4825.6
12.099,5997.7,4812.8
12.1,5981.6,4800
12.101,5965.5,4787.3
12.101,5949.4,4774.5
12.102,5934.5,4762.7
12.103,5918.5,4750
12.104,5902.4,4737.2
12.105,5886.3,4724.5
12.106,5870.2,4711.7
12.107,5854.2,4699
12.108,5839.4,4687.2
12.108,5823.3,4674.5
12.109,5807.3,4661.7
12.11,5791.2,4649
12.111,5775.2,4636.3
12.112,5760.3,4624.5
12.113,5744.3,4611.8
12.114,5728.3,4599.1
12.115,5712.2,4586.3
12.116,5696.2,4573.6
12.117,5680.2,4560.9
12.117,5665.4,4549.1
12.118,5649.4,4536.4
12.119,5633.4,4523.7
12.12,5617.4,4511
12.121,5601.4,4498.3
12.122,5585.4,4485.6
12.123,5570.6,4473.8
12.124,5554.6,4461.1
12.124,5538.6,4448.4
12.125,5522.6,4435.7
12.126,5506.6,4423
12.127,5491.9,4411.3
12.128,5475.9,4398.6
12.129,5459.9,4385.9
12.13,5444,4373.2
12.131,5428,4360.5
12.132,5412.1,4347.8
12.132,5397.3,4336.1
12.133,5381.4,4323.4
12.134,5365.4,4310.8
12.135,5349.5,4298.1
12.136,5333.5,4285.4
12.137,5318.8,4273.7
12.138,5302.9,4261
12.139,5287,4248.4
12.14,5271,4235.7
12.141,5255.1,4223
12.141,5239.2,4210.4
12.142,5224.5,4198.7
12.143,5208.6,4186
12.144,5192.7,4173.4
12.145,5176.8,4160.7
12.146,5160.9,4148.1
12.147,5146.2,4136.4
12.148,5130.3,4123.7
12.148,5114.4,4111.1
12.149,5098.5,4098.4
12.15,5082.6,4085.8
12.151,5066.7,4073.2
12.152,5052.1,4061.5
12.153,5036.2,4048.8
12.154,5020.3,4036.2
12.155,5004.5,4023.6
12.156,4988.6,4011
12.156,4974,3999.3
12.157,4958.1,3986.7
12.158,4942.3,3974
12.159,4926.4,3961.4
12.16,4910.6,3948.8
12.161,4894.7,3936.2
12.162,4880.1,3924.5
12.163,4864.3,3911.9
12.164,4848.5,3899.3
12.165,4832.6,3886.7
12.165,4816.8,3874.1
12.166,4801,3861.5
12.167,4786.4,3849.9
12.168,4770.6,3837.3
12.169,4754.8,3824.7
12.17,4739,3812.1
12.171,4723.2,3799.5
12.172,4708.6,3787.8
12.172,4692.8,3775.3
12.173,4677,3762.7
12.174,4661.2,3750.1
12.175,4645.5,3737.5
12.176,4629.7,3724.9
12.177,4615.1,3713.3
12.178,4599.3,3700.7
12.179,4583.6,3688.2
12.18,4567.8,3675.6
12.181,4552.1,3663
12.181,4537.5,3651.4
12.182,4521.8,3638.8
12.183,4506,3626.3
12.184,4490.3,3613.7
12.185,4474.5,3601.2
12.186,4458.8,3588.6
12.187,4444.3,3577
12.188,4428.5,3564.5
12.188,4412.8,3551.9
12.189,4397.1,3539.3
12.19,4381.4,3526.8
12.191,4366.8,3515.2
12.192,4351.1,3502.7
12.193,4335.4,3490.1
12.194,4319.7,3477.6
12.195,4304,3465.1
12.196,4288.3,3452.5
12.196,4273.8,3441
12.197,4258.1,3428.4
12.198,4242.5,3415.9
12.199,4226.8,3403.4
12.2,4211.1,3390.8
12.201,4196.6,3379.3
12.202,4180.9,3366.8
12.203,4165.3,3354.2
12.204,4149.6,3341.7
12.205,4133.9,3329.2
12.205,4118.3,3316.7
12.206,4103.8,3305.2
12.207,4088.2,3292.6
12.208,4072.5,3280.1
12.209,4056.9,3267.6
12.21,4041.2,3255.1
12.211,4025.6,3242.6
12.212,4011.2,3231.1
12.212,3995.6,3218.6
12.213,3979.9,3206.1
12.214,3964.3,3193.6
12.215,3948.7,3181.1
12.216,3934.3,3169.6
12.217,3918.7,3157.1
12.218,3903,3144.6
12.219,3887.4,3132.2
12.22,3871.8,3119.7
12.221,3856.2,3107.2
12.221,3841.8,3095.7
12.222,3826.3,3083.2
12.223,3810.7,3070.7
12.224,3795.1,3058.3
12.225,3779.5,3045.8
12.226,3765.1,3034.3
12.227,3749.6,3021.8
12.228,3734,3009.4
12.229,3718.4,2996.9
12.229,3702.9,2984.5
12.23,3687.3,2972
12.231,3672.9,2960.5
12.232,3657.4,2948.1
12.233,3641.8,2935.6
12.234,3626.3,2923.2
12.235,3610.8,2910.7
12.236,3596.4,2899.3
12.236,3580.9,2886.8
12.237,3565.3,2874.4
12.238,3549.8,2861.9
12.239,3534.3,2849.5
12.24,3518.8,2837.1
12.241,3504.5,2825.6
12.242,3488.9,2813.2
12.243,3473.4,2800.8
12.244,3457.9,2788.3
12.245,3442.4,2775.9
12.245,3428.1,2764.5
12.246,3412.6,2752
12.247,3397.1,2739.6
12.248,3381.6,2727.2
12.249,3366.2,2714.8
12.25,3350.7,2702.4
12.251,3336.4,2691
12.252,3320.9,2678.6
12.252,3305.4,2666.2
12.253,3290,2653.8
12.254,3274.5,2641.4
12.255,3259.1,2629
12.256,3244.8,2617.5
12.257,3229.3,2605.1
12.258,3213.9,2592.7
12.259,3198.4,2580.4
12.26,3183,2568
12.26,3168.7,2556.5
12.261,3153.3,2544.2
12.262,3137.9,2531.8
12.263,3122.5,2519.4
12.264,3107,2507
12.265,3091.6,2494.7
12.266,3077.4,2483.3
12.267,3062,2470.9
12.268,3046.6,2458.5
12.269,3031.1,2446.2
12.269,3015.7,2433.8
12.27,3001.5,2422.4
12.271,2986.1,2410
12.272,2970.7,2397.7
12.273,2955.3,2385.3
12.274,2940,2373
12.275,2924.6,2360.6
12.276,2910.4,2349.2
12.276,2895,2336.9
12.277,2879.6,2324.5
12.278,2864.3,2312.2
12.279,2848.9,2299.9
12.28,2834.7,2288.5
12.281,2819.4,2276.1
12.282,2804,2263.8
12.283,2788.7,2251.5
12.284,2773.3,2239.2
12.285,2758,2226.8
12.285,2743.8,2215.5
12.286,2728.5,2203.1
12.287,2713.1,2190.8
12.288,2697.8,2178.5
12.289,2682.5,2166.2
12.29,2667.2,2153.9
12.291,2653,2142.5
12.292,2637.7,2130.2
12.292,2622.4,2117.9
12.293,2607.1,2105.6
12.294,2591.8,2093.3
12.295,2577.7,2081.9
12.296,2562.4,2069.6
12.297,2547.1,2057.3
12.298,2531.8,2045.1
12.299,2516.5,2032.8
12.3,2501.2,2020.5
12.3,2487.2,2009.2
12.301,2472.1,1997.1
12.302,2457.1,1985
12.303,2442,1972.9
12.304,2427,1960.8
12.305,2411.9,1948.7
12.306,2396.9,1936.6
12.307,2381.8,1924.5
12.308,2366.8,1912.4
12.308,2351.8,1900.3
12.309,2336.7,1888.2
12.31,2321.7,1876.1
12.311,2306.7,1864
12.312,2291.7,1851.9
12.313,2276.6,1839.8
12.314,2261.6,1827.8
12.315,2246.6,1815.7
12.316,2231.6,1803.6
12.316,2216.6,1791.5
12.317,2201.6,1779.4
12.318,2185.5,1766.4
12.319,2170.5,1754.4
12.32,2155.5,1742.3
12.321,2140.5,1730.2
12.322,2125.5,1718.2
12.323,2110.5,1706.1
12.324,2095.5,1694
12.325,2080.6,1682
12.325,2065.6,1669.9
12.326,2050.6,1657.9
12.327,2035.7,1645.8
12.328,2020.7,1633.8
12.329,2005.7,1621.7
12.33,1990.8,1609.7
12.331,1975.8,1597.6
12.332,1960.9,1585.6
12.333,1946,1573.5
12.333,1931,1561.5
12.334,1916.1,1549.5
12.335,1901.1,1537.4
12.336,1886.2,1525.4
12.337,1871.3,1513.4
12.338,1856.4,1501.4
12.339,1841.4,1489.3
12.34,1826.5,1477.3
12.341,1811.6,1465.3
12.341,1796.7,1453.3
12.342,1781.8,1441.2
12.343,1766.9,1429.2
12.344,1752,1417.2
12.345,1737.1,1405.2
12.346,1722.2,1393.2
12.347,1707.3,1381.2
12.348,1692.4,1369.2
12.349,1677.6,1357.2
12.349,1662.7,1345.2
12.35,1647.8,1333.2
12.351,1632.9,1321.2
12.352,1618.1,1309.2
12.353,1603.2,1297.2
12.354,1588.3,1285.2
12.355,1573.5,1273.2
12.356,1558.6,1261.2
12.357,1543.8,1249.2
12.357,1528.9,1237.3
12.358,1514.1,1225.3
12.359,1499.2,1213.3
12.36,1484.4,1201.3
12.361,1469.6,1189.3
12.362,1454.7,1177.4
12.363,1439.9,1165.4
12.364,1425.1,1153.4
12.365,1410.2,1141.5
12.365,1395.4,1129.5
12.366,1380.6,1117.5
12.367,1365.8,1105.6
12.368,1351,1093.6
12.369,1336.2,1081.7
12.37,1321.4,1069.7
12.371,1306.6,1057.8
12.372,1291.8,1045.8
12.373,1277,1033.9
12.373,1262.2,1021.9
12.374,1247.4,1010
12.375,1232.6,998.04
12.376,1217.9,986.1
12.377,1203.1,974.16
12.378,1188.3,962.23
12.379,1173.6,950.29
12.38,1158.8,938.36
12.381,1144,926.43
12.381,1129.3,914.51
12.382,1114.5,902.58
12.383,1099.8,890.66
12.384,1085,878.74
12.385,1070.3,866.82
12.386,1055.5,854.9
12.387,1040.8,842.99
12.388,1026,831.07
12.389,1011.3,819.16
12.389,996.59,807.25
12.39,981.86,795.35
12.391,967.14,783.44
12.392,952.42,771.54
12.393,937.71,759.64
12.394,922.99,747.74
12.395,908.29,735.84
12.396,893.58,723.95
12.397,878.88,712.06
12.397,864.18,700.17
12.398,849.48,688.28
12.399,834.79,676.39
12.4,820.1,664.51
12.401,805.42,652.63
12.402,790.74,640.75
12.403,776.06,628.87
12.404,761.38,616.99
12.405,746.71,605.12
12.405,732.04,593.24
12.406,717.37,581.38
12.407,702.71,569.51
12.408,688.05,557.64
12.409,673.4,545.78
12.41,658.74,533.92
12.411,644.09,522.06
12.412,629.45,510.2
12.413,614.81,498.34
12.413,600.17,486.49
12.414,585.53,474.64
12.415,570.9,462.79
12.416,556.27,450.94
12.417,541.64,439.1
12.418,527.02,427.25
12.419,512.4,415.41
12.42,497.78,403.57
12.421,483.17,391.73
12.421,468.56,379.9
12.422,453.95,368.07
12.423,439.35,356.23
12.424,424.75,344.41
12.425,410.15,332.58
12.426,395.56,320.75
12.427,380.97,308.93
12.428,366.38,297.11
12.429,351.8,285.29
12.429,337.22,273.47
12.43,322.64,261.66
12.431,308.07,249.85
12.432,293.5,238.04
12.433,278.93,226.23
12.434,264.36,214.42
12.435,249.8,202.62
12.436,235.25,190.81
12.436,220.69,179.01
12.437,206.14,167.21
12.438,191.59,155.42
12.439,177.05,143.62
12.44,162.51,131.83
12.441,147.97,120.04
12.442,133.44,108.25
12.443,118.9,96.465
12.444,104.38,84.681
12.444,89.851,72.899
12.445,75.33,61.118
12.446,60.811,49.34
12.447,46.296,37.564
12.448,31.784,25.79
12.449,17.275,14.018
12.45,2.7701,2.2478
12.451,-11.732,-9.5202
12.452,-26.231,-21.286
12.452,-40.727,-33.05
12.453,-55.219,-44.812
12.454,-69.708,-56.572
12.455,-84.194,-68.33
12.456,-98.677,-80.086
12.457,-113.16,-91.839
12.458,-127.63,-103.59
12.459,-142.11,-115.34
12.46,-156.58,-127.09
12.46,-171.04,-138.83
12.461,-185.5,-150.58
12.462,-199.97,-162.32
12.463,-214.42,-174.06
12.464,-228.88,-185.8
12.465,-243.33,-197.53
12.466,-257.77,-209.27
12.467,-272.22,-221
12.468,-286.66,-232.73
12.468,-301.09,-244.45
12.469,-315.53,-256.18
12.47,-329.96,-267.9
12.471,-344.39,-279.62
12.472,-358.81,-291.34
12.473,-373.23,-303.06
12.474,-387.65,-314.78
12.475,-402.07,-326.49
12.476,-416.48,-338.2
12.476,-430.89,-349.91
12.477,-445.29,-361.62
12.478,-459.69,-373.32
12.479,-474.09,-385.02
12.48,-488.49,-396.73
12.481,-502.88,-408.42
12.482,-517.27,-420.12
12.483,-531.66,-431.82
12.484,-546.04,-443.51
12.484,-560.42,-455.2
12.485,-574.79,-466.89
12.486,-589.17,-478.58
12.487,-603.54,-490.26
12.488,-617.9,-501.94
12.489,-632.27,-513.62
12.49,-646.63,-525.3
12.491,-660.98,-536.98
12.492,-675.34,-548.65
12.492,-689.69,-560.33
12.493,-704.04,-572
12.494,-718.38,-583.67
12.495,-732.72,-595.33
12.496,-747.06,-607
12.497,-761.39,-618.66
12.498,-775.73,-630.32
12.499,-790.05,-641.98
12.5,-804.38,-653.64
12.5,-818.7,-665.29
12.501,-833.02,-676.94
12.502,-847.34,-688.59
12.503,-861.65,-700.24
12.504,-875.96,-711.89
12.505,-890.26,-723.53
12.506,-904.57,-735.17
12.507,-918.87,-746.81
12.508,-933.16,-758.45
12.508,-947.46,-770.09
12.509,-961.75,-781.72
12.51,-976.03,-793.36
12.511,-990.32,-804.99
12.512,-1004.6,-816.61
12.513,-1018.9,-828.24
12.514,-1033.1,-839.86
12.515,-1047.4,-851.49
12.516,-1061.7,-863.11
12.516,-1076,-874.72
12.517,-1090.2,-886.34
12.518,-1104.5,-897.95
12.519,-1118.7,-909.57
12.52,-1133,-921.18
12.521,-1147.1,-932.71
12.522,-1162.3,-945.03
12.523,-1176.3,-956.47
12.524,-1190.3,-967.9
12.524,-1204.4,-979.34
12.525,-1218.4,-990.77
12.526,-1232.4,-1002.2
12.527,-1247.5,-1014.5
12.528,-1261.5,-1025.9
12.529,-1275.6,-1037.4
12.53,-1289.6,-1048.8
12.531,-1303.6,-1060.2
12.532,-1318.7,-1072.5
12.533,-1332.7,-1083.9
12.533,-1346.7,-1095.3
12.534,-1360.7,-1106.7
12.535,-1374.7,-1118.2
12.536,-1389.7,-1130.4
12.537,-1403.7,-1141.8
12.538,-1417.7,-1153.2
12.539,-1431.7,-1164.6
12.54,-1445.7,-1176.1
12.541,-1460.7,-1188.3
12.541,-1474.7,-1199.7
12.542,-1488.7,-1211.1
12.543,-1502.6,-1222.5
12.544,-1516.6,-1233.9
12.545,-1530.6,-1245.3
12.546,-1545.6,-1257.6
12.547,-1559.6,-1268.9
12.548,-1573.5,-1280.3
12.548,-1587.5,-1291.7
12.549,-1601.4,-1303.1
12.55,-1616.4,-1315.3
12.551,-1630.4,-1326.7
12.552,-1644.3,-1338.1
12.553,-1658.2,-1349.4
12.554,-1672.2,-1360.8
12.555,-1687.2,-1373.1
12.556,-1701.1,-1384.4
12.556,-1715,-1395.8
12.557,-1728.9,-1407.1
12.558,-1742.8,-1418.5
12.559,-1757.8,-1430.7
12.56,-1771.7,-1442.1
12.561,-1785.6,-1453.4
12.562,-1799.5,-1464.8
12.563,-1813.4,-1476.1
12.564,-1828.4,-1488.4
12.565,-1842.3,-1499.7
12.565,-1856.2,-1511.1
12.566,-1870.1,-1522.4
12.567,-1884,-1533.7
12.568,-1897.8,-1545.1
12.569,-1912.8,-1557.3
12.57,-1926.7,-1568.6
12.571,-1940.5,-1579.9
12.572,-1954.4,-1591.3
12.572,-1968.3,-1602.6
12.573,-1983.2,-1614.8
12.574,-1997.1,-1626.1
12.575,-2010.9,-1637.4
12.576,-2024.8,-1648.8
12.577,-2038.6,-1660.1
12.578,-2053.5,-1672.3
12.579,-2067.4,-1683.6
12.58,-2081.2,-1694.9
12.58,-2095.1,-1706.2
12.581,-2108.9,-1717.5
12.582,-2123.8,-1729.7
12.583,-2137.6,-1741
12.584,-2151.4,-1752.3
12.585,-2165.3,-1763.6
12.586,-2179.1,-1774.9
12.587,-2192.9,-1786.2
12.588,-2207.8,-1798.3
12.589,-2221.6,-1809.6
12.589,-2235.4,-1820.9
12.59,-2249.2,-1832.2
12.591,-2263,-1843.5
12.592,-2277.9,-1855.6
12.593,-2291.7,-1866.9
12.594,-2305.5,-1878.2
12.595,-2319.2,-1889.5
12.596,-2333,-1900.8
12.597,-2347.9,-1912.9
12.597,-2361.7,-1924.2
12.598,-2375.4,-1935.4
12.599,-2389.2,-1946.7
12.6,-2403,-1958
12.601,-2417.8,-1970.1
12.602,-2431.6,-1981.4
12.603,-2445.3,-1992.6
12.604,-2459.1,-2003.9
12.604,-2472.8,-2015.1
12.605,-2487.7,-2027.3
12.606,-2501.4,-2038.5
12.607,-2515.2,-2049.8
12.608,-2528.9,-2061
12.609,-2542.6,-2072.3
12.61,-2556.4,-2083.5
12.611,-2571.2,-2095.6
12.612,-2584.9,-2106.9
12.612,-2598.6,-2118.1
12.613,-2612.4,-2129.3
12.614,-2626.1,-2140.6
12.615,-2640.9,-2152.7
12.616,-2654.6,-2163.9
12.617,-2668.3,-2175.1
12.618,-2682,-2186.3
12.619,-2695.7,-2197.6
12.62,-2710.5,-2209.7
12.621,-2724.2,-2220.9
12.621,-2737.9,-2232.1
12.622,-2751.6,-2243.3
12.623,-2765.3,-2254.5
12.624,-2780,-2266.6
12.625,-2793.7,-2277.8
12.626,-2807.4,-2289
12.627,-2821.1,-2300.2
12.628,-2834.7,-2311.4
12.629,-2849.5,-2323.5
12.629,-2863.1,-2334.7
12.63,-2876.8,-2345.9
12.631,-2890.5,-2357.1
12.632,-2904.1,-2368.3
12.633,-2917.8,-2379.5
12.634,-2932.5,-2391.5
12.635,-2946.1,-2402.7
12.636,-2959.8,-2413.9
12.636,-2973.4,-2425.1
12.637,-2987.1,-2436.3
12.638,-3001.8,-2448.3
12.639,-3015.4,-2459.5
12.64,-3029.1,-2470.7
12.641,-3042.7,-2481.9
12.642,-3056.3,-2493
12.643,-3071,-2505.1
12.644,-3084.6,-2516.2
12.644,-3098.2,-2527.4
12.645,-3111.9,-2538.6
12.646,-3125.5,-2549.7
12.647,-3140.1,-2561.8
12.648,-3153.7,-2572.9
12.649,-3167.3,-2584.1
12.65,-3181,-2595.2
12.651,-3194.6,-2606.4
12.652,-3208.1,-2617.5
12.653,-3222.8,-2629.6
12.653,-3236.4,-2640.7
12.654,-3250,-2651.8
12.655,-3263.6,-2663
12.656,-3277.1,-2674.1
12.657,-3291.8,-2686.1
12.658,-3305.3,-2697.3
12.659,-3318.9,-2708.4
12.66,-3332.5,-2719.5
12.66,-3346,-2730.7
12.661,-3360.7,-2742.7
12.662,-3374.2,-2753.8
12.663,-3387.8,-2764.9
12.664,-3401.3,-2776
12.665,-3414.9,-2787.2
12.666,-3429.5,-2799.1
12.667,-3443,-2810.3
12.668,-3456.6,-2821.4
12.668,-3470.1,-2832.5
12.669,-3483.6,-2843.6
12.67,-3498.2,-2855.6
12.671,-3511.8,-2866.7
12.672,-3525.3,-2877.8
12.673,-3538.8,-2888.9
12.674,-3552.3,-2900
12.675,-3565.9,-2911.1
12.676,-3580.4,-2923.1
12.677,-3593.9,-2934.2
12.677,-3607.4,-2945.3
12.678,-3620.9,-2956.3
12.679,-3634.4,-2967.4
12.68,-3649,-2979.4
12.681,-3662.5,-2990.5
12.682,-3676,-3001.6
12.683,-3689.5,-3012.6
12.684,-3703,-3023.7
12.685,-3717.5,-3035.7
12.685,-3731,-3046.7
12.686,-3744.5,-3057.8
12.687,-3757.9,-3068.9
12.688,-3771.4,-3080
12.689,-3785.9,-3091.9
12.69,-3799.4,-3102.9
12.691,-3812.9,-3114
12.692,-3826.3,-3125.1
12.692,-3839.8,-3136.1
12.693,-3853.2,-3147.2
12.694,-3867.7,-3159.1
12.695,-3881.2,-3170.2
12.696,-3894.6,-3181.2
12.697,-3908.1,-3192.3
12.698,-3921.5,-3203.3
12.699,-3936,-3215.2
12.7,-3949.4,-3226.3
12.7,-3962.9,-3237.3
12.701,-3976.3,-3248.4
12.702,-3989.7,-3259.4
12.703,-4004.2,-3271.3
12.704,-4017.6,-3282.3
12.705,-4031,-3293.4
12.706,-4044.5,-3304.4
12.707,-4057.9,-3315.4
12.708,-4072.3,-3327.3
12.709,-4085.7,-3338.3
12.709,-4099.1,-3349.4
12.71,-4112.5,-3360.4
12.711,-4125.9,-3371.4
12.712,-4140.4,-3383.3
12.713,-4153.8,-3394.3
12.714,-4167.2,-3405.3
12.715,-4180.5,-3416.3
12.716,-4193.9,-3427.3
12.716,-4207.3,-3438.4
12.717,-4221.7,-3450.2
12.718,-4235.1,-3461.2
12.719,-4248.5,-3472.2
12.72,-4261.8,-3483.2
12.721,-4275.2,-3494.2
12.722,-4289.6,-3506.1
12.723,-4303,-3517.1
12.724,-4316.3,-3528.1
12.724,-4329.7,-3539.1
12.725,-4343,-3550
12.726,-4357.4,-3561.9
12.727,-4370.8,-3572.9
12.728,-4384.1,-3583.9
12.729,-4397.4,-3594.8
12.73,-4410.8,-3605.8
12.731,-4425.1,-3617.6
12.732,-4438.5,-3628.6
12.733,-4451.8,-3639.6
12.733,-4465.1,-3650.6
12.734,-4478.5,-3661.5
12.735,-4491.8,-3672.5
12.736,-4506.1,-3684.3
12.737,-4519.4,-3695.3
12.738,-4532.8,-3706.3
12.739,-4546.1,-3717.2
12.74,-4559.4,-3728.2
12.741,-4573.7,-3740
12.741,-4587,-3750.9
12.742,-4600.3,-3761.9
12.743,-4613.6,-3772.8
12.744,-4626.9,-3783.8
12.745,-4641.2,-3795.6
12.746,-4654.5,-3806.5
12.747,-4667.8,-3817.5
12.748,-4681,-3828.4
12.749,-4695.1,-3840
12.749,-4708.2,-3850.8
12.75,-4721.2,-3861.5
12.751,-4735.3,-3873.1
12.752,-4748.4,-3883.9
12.753,-4762.5,-3895.5
12.754,-4775.5,-3906.3
12.755,-4788.6,-3917.1
12.756,-4802.7,-3928.7
12.756,-4815.7,-3939.4
12.757,-4828.8,-3950.2
12.758,-4842.9,-3961.8
12.759,-4855.9,-3972.5
12.76,-4870,-3984.1
12.761,-4883,-3994.9
12.762,-4896.1,-4005.6
12.763,-4910.1,-4017.2
12.764,-4923.1,-4028
12.765,-4937.2,-4039.5
12.765,-4950.2,-4050.3
12.766,-4963.2,-4061
12.767,-4977.3,-4072.6
12.768,-4990.3,-4083.3
12.769,-5004.3,-4094.9
12.77,-5017.3,-4105.6
12.771,-5030.4,-4116.4
12.772,-5044.4,-4127.9
12.772,-5057.4,-4138.7
12.773,-5070.4,-4149.4
12.774,-5084.4,-4160.9
12.775,-5097.4,-4171.7
12.776,-5111.4,-4183.2
12.777,-5124.4,-4193.9
12.778,-5137.4,-4204.7
12.779,-5151.4,-4216.2
12.78,-5164.4,-4226.9
12.781,-5178.3,-4238.5
12.781,-5191.3,-4249.2
12.782,-5204.3,-4259.9
12.783,-5218.3,-4271.4
12.784,-5231.3,-4282.1
12.785,-5244.2,-4292.8
12.786,-5258.2,-4304.4
12.787,-5271.2,-4315.1
12.788,-5285.1,-4326.6
12.788,-5298.1,-4337.3
12.789,-5311,-4348
12.79,-5325,-4359.5
12.791,-5337.9,-4370.2
12.792,-5351.9,-4381.7
12.793,-5364.8,-4392.4
12.794,-5377.8,-4403.1
12.795,-5391.7,-4414.6
12.796,-5404.6,-4425.3
12.796,-5417.6,-4435.9
12.797,-5431.5,-4447.4
12.798,-5444.4,-4458.1
12.799,-5458.4,-4469.6
12.8,-5471.3,-4480.3
12.801,-5484.2,-4491
12.802,-5498.1,-4502.4
12.803,-5511,-4513.1
12.804,-5524.9,-4524.6
12.804,-5537.8,-4535.3
12.805,-5550.8,-4545.9
12.806,-5564.6,-4557.4
12.807,-5577.5,-4568.1
12.808,-5590.4,-4578.7
12.809,-5604.3,-4590.2
12.81,-5617.2,-4600.8
12.811,-5631.1,-4612.3
12.812,-5644,-4623
12.812,-5656.9,-4633.6
12.813,-5670.8,-4645.1
12.814,-5683.6,-4655.7
12.815,-5697.5,-4667.2
12.816,-5710.4,-4677.8
12.817,-5723.3,-4688.5
12.818,-5737.1,-4699.9
12.819,-5750,-4710.5
12.82,-5762.8,-4721.2
12.821,-5776.7,-4732.6
12.821,-5789.5,-4743.3
12.822,-5803.4,-4754.7
12.823,-5816.2,-4765.3
12.824,-5829.1,-4775.9
12.825,-5842.9,-4787.4
12.826,-5855.8,-4798
12.827,-5869.6,-4809.4
12.828,-5882.4,-4820.1
12.828,-5895.3,-4830.7
12.829,-5909.1,-4842.1
12.83,-5921.9,-4852.7
12.831,-5935.7,-4864.1
12.832,-5948.6,-4874.7
12.833,-5961.4,-4885.3
12.834,-5975.2,-4896.8
12.835,-5988,-4907.4
12.836,-6000.8,-4918
12.837,-6014.6,-4929.4
12.837,-6027.4,-4940
12.838,-6041.2,-4951.4
12.839,-6054,-4962
12.84,-6066.8,-4972.5
12.841,-6080.6,-4983.9
12.842,-6093.4,-4994.5
12.843,-6107.2,-5005.9
12.844,-6120,-5016.5
12.844,-6132.7,-5027.1
12.845,-6146.5,-5038.5
12.846,-6159.3,-5049.1
12.847,-6172.1,-5059.6
12.848,-6185.8,-5071
12.849,-6198.6,-5081.6
12.85,-6212.4,-5093
12.851,-6225.1,-5103.5
12.852,-6237.9,-5114.1
12.853,-6251.6,-5125.5
12.853,-6264.4,-5136
12.854,-6278.1,-5147.4
12.855,-6290.9,-5158
12.856,-6303.6,-5168.5
12.857,-6317.4,-5179.9
12.858,-6330.1,-5190.4
12.859,-6342.8,-5201
12.86,-6356.6,-5212.3
12.86,-6369.3,-5222.9
12.861,-6383,-5234.3
12.862,-6395.8,-5244.8
12.863,-6408.5,-5255.3
12.864,-6422.2,-5266.7
12.865,-6434.9,-5277.2
12.866,-6448.6,-5288.6
12.867,-6461.3,-5299.1
12.868,-6474,-5309.6
12.869,-6487.7,-5321
12.869,-6500.4,-5331.5
12.87,-6513.2,-5342
12.871,-6526.8,-5353.4
12.872,-6539.5,-5363.9
12.873,-6553.2,-5375.2
12.874,-6565.9,-5385.7
12.875,-6578.6,-5396.2
12.876,-6592.3,-5407.6
12.876,-6605,-5418.1
12.877,-6618.6,-5429.4
12.878,-6631.3,-5439.9
12.879,-6644,-5450.4
12.88,-6657.6,-5461.7
12.881,-6670.3,-5472.2
12.882,-6683,-5482.7
12.883,-6696.6,-5494
12.884,-6709.3,-5504.5
12.885,-6722.9,-5515.8
12.885,-6735.6,-5526.3
12.886,-6748.3,-5536.8
12.887,-6761.9,-5548.1
12.888,-6774.5,-5558.6
12.889,-6788.2,-5569.9
12.89,-6800.8,-5580.4
12.891,-6813.5,-5590.9
12.892,-6827.1,-5602.2
12.892,-6839.7,-5612.6
12.893,-6852.4,-5623.1
12.894,-6866,-5634.4
12.895,-6878.6,-5644.9
12.896,-6892.2,-5656.2
12.897,-6904.8,-5666.6
12.898,-6917.4,-5677.1
12.899,-6931,-5688.4
12.9,-6943.7,-5698.8
12.901,-6957.2,-5710.1
12.901,-6969.9,-5720.6
12.902,-6982.5,-5731
12.903,-6996.1,-5742.3
12.904,-7008.7,-5752.7
12.905,-7022.2,-5764
12.906,-7034.8,-5774.4
12.907,-7047.4,-5784.9
12.908,-7061,-5796.1
12.908,-7073.6,-5806.6
12.909,-7086.2,-5817
12.91,-7099.7,-5828.3
12.911,-7112.3,-5838.7
12.912,-7125.9,-5850
12.913,-7138.4,-5860.4
12.914,-7151,-5870.8
12.915,-7164.6,-5882.1
12.916,-7177.1,-5892.5
12.917,-7190.7,-5903.7
12.917,-7203.2,-5914.2
12.918,-7215.8,-5924.6
12.919,-7229.3,-5935.8
12.92,-7241.9,-5946.2
12.921,-7254.4,-5956.7
12.922,-7268,-5967.9
12.923,-7280.5,-5978.3
12.924,-7294,-5989.5
12.924,-7306.6,-5999.9
12.925,-7319.1,-6010.3
12.926,-7332.6,-6021.6
12.927,-7345.1,-6032
12.928,-7358.6,-6043.2
12.929,-7371.2,-6053.6
12.93,-7383.7,-6064
12.931,-7397.2,-6075.2
12.932,-7409.7,-6085.6
12.932,-7422.2,-6096
12.933,-7435.7,-6107.2
12.934,-7448.2,-6117.6
12.935,-7461.7,-6128.7
12.936,-7474.2,-6139.1
12.937,-7486.7,-6149.5
12.938,-7500.2,-6160.7
12.939,-7512.7,-6171.1
12.94,-7526.2,-6182.3
12.94,-7538.7,-6192.7
12.941,-7551.2,-6203
12.942,-7564.6,-6214.2
12.943,-7577.1,-6224.6
12.944,-7589.6,-6235
12.945,-7603,-6246.1
12.946,-7615.5,-6256.5
12.947,-7628.9,-6267.7
12.948,-7641.4,-6278
12.948,-7653.9,-6288.4
12.949,-7667.3,-6299.5
12.95,-7679.8,-6309.9
12.951,-7693.2,-6321.1
12.952,-7705.7,-6331.4
12.953,-7718.1,-6341.8
12.954,-7731.6,-6352.9
12.955,-7744,-6363.3
12.956,-7756.5,-6373.6
12.957,-7769.9,-6384.8
12.957,-7782.3,-6395.1
12.958,-7795.7,-6406.3
12.959,-7808.2,-6416.6
12.96,-7820.6,-6426.9
12.961,-7834,-6438.1
12.962,-7846.4,-6448.4
12.963,-7859.8,-6459.5
12.964,-7872.3,-6469.9
12.964,-7884.7,-6480.2
12.965,-7898.1,-6491.3
12.966,-7910.5,-6501.6
12.967,-7923.9,-6512.8
12.968,-7936.3,-6523.1
12.969,-7948.7,-6533.4
12.97,-7962.1,-6544.5
12.971,-7974.5,-6554.8
12.972,-7986.9,-6565.2
12.973,-8000.2,-6576.3
12.973,-8012.6,-6586.6
12.974,-8026,-6597.7
12.975,-8038.4,-6608
12.976,-8050.8,-6618.3
12.977,-8064.1,-6629.4
12.978,-8076.5,-6639.7
12.979,-8089.8,-6650.8
12.98,-8102.2,-6661.1
12.98,-8114.4,-6671.2
12.981,-8127.5,-6682.2
12.982,-8140.7,-6693.1
12.983,-8152.9,-6703.2
12.984,-8166,-6714.1
12.985,-8178.2,-6724.3
12.986,-8191.3,-6735.2
12.987,-8204.4,-6746.1
12.988,-8216.6,-6756.2
12.989,-8229.7,-6767.2
12.989,-8241.9,-6777.3
12.99,-8255,-6788.2
12.991,-8268.1,-6799.1
12.992,-8280.2,-6809.2
12.993,-8293.3,-6820.1
12.994,-8305.5,-6830.2
12.995,-8318.6,-6841.1
12.996,-8330.7,-6851.3
12.996,-8343.8,-6862.1
12.997,-8356.9,-6873
12.998,-8369.1,-6883.1
12.999,-8382.1,-6894
13,-8394.3,-6904.1
13.001,-8407.4,-6915
13.002,-8420.4,-6925.9
13.003,-8432.6,-6936
13.004,-8445.6,-6946.9
13.004,-8457.8,-6957
13.005,-8470.8,-6967.9
13.006,-8482.9,-6978
13.007,-8496,-6988.8
13.008,-8509,-6999.7
13.009,-8521.2,-7009.8
13.01,-8534.2,-7020.6
13.011,-8546.3,-7030.7
13.012,-8559.4,-7041.6
13.013,-8572.4,-7052.5
13.013,-8584.5,-7062.5
13.014,-8597.5,-7073.4
13.015,-8609.6,-7083.5
13.016,-8622.7,-7094.3
13.017,-8634.8,-7104.4
13.018,-8647.8,-7115.2
13.019,-8660.8,-7126.1
13.02,-8672.9,-7136.1
13.021,-8685.9,-7147
13.021,-8698,-7157.1
13.022,-8711,-7167.9
13.023,-8724,-7178.7
13.024,-8736.1,-7188.8
13.025,-8749.1,-7199.6
13.026,-8761.1,-7209.7
13.027,-8774.1,-7220.5
13.028,-8787.1,-7231.3
13.028,-8799.2,-7241.4
13.029,-8812.2,-7252.2
13.03,-8824.2,-7262.2
13.031,-8837.2,-7273.1
13.032,-8849.3,-7283.1
13.033,-8862.2,-7293.9
13.034,-8875.2,-7304.7
13.035,-8887.3,-7314.8
13.036,-8900.2,-7325.6
13.036,-8912.3,-7335.6
13.037,-8925.2,-7346.4
13.038,-8938.2,-7357.2
13.039,-8950.2,-7367.3
13.04,-8963.2,-7378.1
13.041,-8975.2,-7388.1
13.042,-8988.1,-7398.9
13.043,-9000.2,-7408.9
13.044,-9013.1,-7419.7
13.045,-9026.1,-7430.5
13.045,-9038.1,-7440.5
13.046,-9051,-7451.3
13.047,-9063,-7461.3
13.048,-9075.9,-7472.1
13.049,-9088.9,-7482.9
13.05,-9100.9,-7492.9
13.051,-9113.8,-7503.6
13.052,-9125.8,-7513.6
13.052,-9138.7,-7524.4
13.053,-9150.7,-7534.4
13.054,-9163.6,-7545.2
13.055,-9176.5,-7556
13.056,-9188.5,-7566
13.057,-9201.4,-7576.7
13.058,-9213.4,-7586.7
13.059,-9226.3,-7597.5
13.06,-9239.2,-7608.2
13.06,-9251.2,-7618.2
13.061,-9264,-7629
13.062,-9276,-7639
13.063,-9288.9,-7649.7
13.064,-9301.8,-7660.4
13.065,-9313.7,-7670.4
13.066,-9326.6,-7681.2
13.067,-9338.6,-7691.1
13.068,-9351.4,-7701.9
13.068,-9363.4,-7711.9
13.069,-9376.3,-7722.6
13.07,-9389.1,-7733.3
13.071,-9401.1,-7743.3
13.072,-9413.9,-7754
13.073,-9425.9,-7764
13.074,-9438.7,-7774.7
13.075,-9451.6,-7785.4
13.076,-9463.5,-7795.4
13.077,-9476.3,-7806.1
13.077,-9488.3,-7816.1
13.078,-9501.1,-7826.8
13.079,-9513,-7836.7
13.08,-9525.9,-7847.5
13.081,-9538.7,-7858.2
13.082,-9550.6,-7868.1
13.083,-9563.4,-7878.8
13.084,-9575.4,-7888.8
13.084,-9588.2,-7899.5
13.085,-9601,-7910.2
13.086,-9612.9,-7920.1
13.087,-9625.7,-7930.8
13.088,-9637.6,-7940.7
13.089,-9650.4,-7951.4
13.09,-9663.2,-7962.1
13.091,-9675.1,-7972.1
13.092,-9687.9,-7982.7
13.092,-9699.8,-7992.7
13.093,-9712.6,-8003.4
13.094,-9724.5,-8013.3
13.095,-9737.3,-8024
13.096,-9750,-8034.6
13.097,-9761.9,-8044.6
13.098,-9774.7,-8055.2
13.099,-9786.6,-8065.1
13.1,-9799.3,-8075.8
13.101,-9812.1,-8086.5
13.101,-9824,-8096.4
13.102,-9836.7,-8107.1
13.103,-9848.6,-8117
13.104,-9861.4,-8127.6
13.105,-9873.2,-8137.5
13.106,-9886,-8148.2
13.107,-9898.7,-8158.8
13.108,-9910.6,-8168.7
13.109,-9923.3,-8179.4
13.109,-9935.2,-8189.3
13.11,-9947.9,-8199.9
13.111,-9960.7,-8210.6
13.112,-9972.5,-8220.5
13.113,-9985.2,-8231.1
13.114,-9997,-8241
13.115,-10010,-8251.6
13.116,-10022,-8261.5
13.116,-10034,-8272.2
13.117,-10047,-8282.8
13.118,-10059,-8292.7
13.119,-10072,-8303.3
13.12,-10083,-8313.2
13.121,-10096,-8323.8
13.122,-10109,-8334.4
13.123,-10121,-8344.3
13.124,-10133,-8354.9
13.124,-10145,-8364.8
13.125,-10158,-8375.4
13.126,-10171,-8386
13.127,-10182,-8395.9
13.128,-10195,-8406.5
13.129,-10207,-8416.3
13.13,-10219,-8426.9
13.131,-10231,-8436.8
13.132,-10244,-8447.4
13.133,-10257,-8458
13.133,-10268,-8467.8
13.134,-10281,-8478.4
13.135,-10293,-8488.3
13.136,-10306,-8498.9
13.137,-10318,-8509.5
13.138,-10330,-8519.3
13.139,-10343,-8529.9
13.14,-10354,-8539.7
13.141,-10367,-8550.3
13.141,-10379,-8560.1
13.142,-10391,-8570.7
13.143,-10404,-8581.3
13.144,-10416,-8591.1
13.145,-10428,-8601.7
13.146,-10440,-8611.5
13.147,-10453,-8622.1
13.148,-10465,-8632.7
13.148,-10477,-8642.5
13.149,-10490,-8653
13.15,-10502,-8662.9
13.151,-10514,-8673.4
13.152,-10526,-8683.2
13.153,-10539,-8693.8
13.154,-10551,-8704.4
13.155,-10563,-8714.2
13.156,-10575,-8724.7
13.156,-10587,-8734.5
13.157,-10600,-8745.1
13.158,-10612,-8755.6
13.159,-10624,-8765.4
13.16,-10637,-8775.9
13.161,-10648,-8785.7
13.162,-10661,-8796.3
13.163,-10674,-8806.8
13.164,-10685,-8816.6
13.165,-10698,-8827.1
13.165,-10710,-8836.9
13.166,-10722,-8847.5
13.167,-10734,-8857.2
13.168,-10746,-8867.8
13.169,-10759,-8878.3
13.17,-10771,-8888.1
13.171,-10783,-8898.6
13.172,-10795,-8908.4
13.172,-10807,-8918.9
13.173,-10820,-8929.4
13.174,-10832,-8939.2
13.175,-10844,-8949.7
13.176,-10856,-8959.4
13.177,-10868,-8970
13.178,-10880,-8979.7
13.179,-10893,-8990.2
13.18,-10905,-9000.7
13.18,-10917,-9010.5
13.181,-10929,-9021
13.182,-10941,-9030.7
13.183,-10954,-9041.2
13.184,-10966,-9051.7
13.185,-10978,-9061.5
13.186,-10990,-9072
13.187,-11002,-9081.7
13.188,-11014,-9092.2
13.188,-11026,-9101.9
13.189,-11039,-9112.4
13.19,-11051,-9122.9
13.191,-11063,-9132.6
13.192,-11075,-9143.1
13.193,-11087,-9152.8
13.194,-11099,-9163.3
13.195,-11112,-9173.8
13.196,-11123,-9183.5
13.197,-11136,-9194
13.197,-11148,-9203.7
13.198,-11160,-9214.2
13.199,-11173,-9224.6
13.2,-11184,-9234.3
13.201,-11197,-9244.8
13.202,-11208,-9254.5
13.203,-11221,-9265
13.204,-11232,-9274.7
13.204,-11245,-9285.1
13.205,-11257,-9295.6
13.206,-11269,-9305.3
13.207,-11281,-9315.7
13.208,-11293,-9325.4
13.209,-11305,-9335.9
13.21,-11318,-9346.3
13.211,-11329,-9356
13.212,-11342,-9366.5
13.212,-11353,-9376.2
13.213,-11366,-9386.6
13.214,-11377,-9396.3
13.215,-11390,-9406.7
13.216,-11402,-9417.1
13.217,-11414,-9426.8
13.218,-11426,-9437.1
13.219,-11438,-9447.4
13.22,-11451,-9457.7
13.22,-11462,-9467.2
13.221,-11474,-9477.5
13.222,-11486,-9487.7
13.223,-11499,-9498
13.224,-11510,-9507.5
13.225,-11522,-9517.8
13.226,-11535,-9528
13.227,-11547,-9538.3
13.228,-11559,-9548.5
13.228,-11570,-9558
13.229,-11583,-9568.3
13.23,-11595,-9578.5
13.231,-11607,-9588.8
13.232,-11619,-9599
13.233,-11631,-9608.5
13.234,-11643,-9618.8
13.235,-11655,-9629
13.236,-11667,-9639.2
13.237,-11679,-9649.5
13.237,-11691,-9659
13.238,-11703,-9669.2
13.239,-11715,-9679.4
13.24,-11727,-9689.6
13.241,-11739,-9699.9
13.242,-11751,-9709.4
13.243,-11763,-9719.6
13.244,-11775,-9729.8
13.245,-11787,-9740
13.245,-11799,-9749.5
13.246,-11811,-9759.7
13.247,-11823,-9769.9
13.248,-11835,-9780.1
13.249,-11847,-9790.3
13.25,-11859,-9799.8
13.251,-11871,-9810
13.252,-11883,-9820.2
13.253,-11895,-9830.4
13.253,-11907,-9840.6
13.254,-11918,-9850.1
13.255,-11931,-9860.3
13.256,-11943,-9870.5
13.257,-11955,-9880.7
13.258,-11967,-9890.9
13.259,-11978,-9900.3
13.26,-11990,-9910.5
13.26,-12003,-9920.7
13.261,-12015,-9930.9
13.262,-12027,-9941.1
13.263,-12038,-9950.5
13.264,-12050,-9960.7
13.265,-12062,-9970.9
13.266,-12074,-9981
13.267,-12086,-9990.5
13.268,-12098,-10001
13.268,-12110,-10011
13.269,-12122,-10021
13.27,-12134,-10031
13.271,-12145,-10041
13.272,-12158,-10051
13.273,-12170,-10061
13.274,-12182,-10071
13.275,-12194,-10081
13.276,-12205,-10091
13.276,-12217,-10101
13.277,-12229,-10111
13.278,-12241,-10121
13.279,-12253,-10131
13.28,-12265,-10141
13.281,-12277,-10151
13.282,-12289,-10161
13.283,-12301,-10171
13.284,-12313,-10181
13.284,-12324,-10191
13.285,-12336,-10201
13.286,-12348,-10211
13.287,-12360,-10221
13.288,-12372,-10230
13.289,-12384,-10241
13.29,-12396,-10251
13.291,-12408,-10261
13.292,-12420,-10271
13.292,-12431,-10280
13.293,-12443,-10290
13.294,-12455,-10301
13.295,-12467,-10311
13.296,-12479,-10321
13.297,-12490,-10330
13.298,-12502,-10340
13.299,-12514,-10350
13.3,-12526,-10361
13.301,-12538,-10371
13.301,-12550,-10380
13.302,-12562,-10390
13.303,-12574,-10400
13.304,-12586,-10410
13.305,-12598,-10420
13.306,-12609,-10430
13.307,-12621,-10440
13.308,-12633,-10450
13.309,-12645,-10460
13.309,-12656,-10469
13.31,-12668,-10480
13.311,-12680,-10490
13.312,-12692,-10500
13.313,-12704,-10510
13.314,-12715,-10519
13.315,-12727,-10529
13.316,-12739,-10539
13.317,-12751,-10549
13.317,-12763,-10559
13.318,-12774,-10569
13.319,-12786,-10579
13.32,-12798,-10589
13.321,-12810,-10599
13.322,-12822,-10609
13.323,-12833,-10618
13.324,-12845,-10628
13.325,-12857,-10639
13.325,-12869,-10649
13.326,-12880,-10658
13.327,-12892,-10668
13.328,-12904,-10678
13.329,-12916,-10688
13.33,-12928,-10698
13.331,-12939,-10707
13.332,-12951,-10717
13.332,-12963,-10728
13.333,-12975,-10738
13.334,-12987,-10748
13.335,-12998,-10757
13.336,-13010,-10767
13.337,-13022,-10777
13.338,-13034,-10787
13.339,-13046,-10797
13.34,-13057,-10806
13.34,-13069,-10816
13.341,-13081,-10826
13.342,-13093,-10836
13.343,-13104,-10846
13.344,-13115,-10856
13.345,-13127,-10866
13.346,-13139,-10876
13.347,-13151,-10886
13.348,-13162,-10895
13.348,-13174,-10905
13.349,-13186,-10915
13.35,-13198,-10925
13.351,-13210,-10935
13.352,-13221,-10944
13.353,-13233,-10954
13.354,-13245,-10964
13.355,-13257,-10974
13.356,-13268,-10984
13.356,-13279,-10994
13.357,-13291,-11004
13.358,-13303,-11014
13.359,-13315,-11024
13.36,-13327,-11034
13.361,-13338,-11043
13.362,-13350,-11053
13.363,-13362,-11063
13.364,-13374,-11073
13.365,-13385,-11083
13.365,-13396,-11092
13.366,-13408,-11102
13.367,-13420,-11112
13.368,-13432,-11122
13.369,-13443,-11131
13.37,-13455,-11141
13.371,-13467,-11151
13.372,-13479,-11161
13.373,-13490,-11171
13.373,-13501,-11180
13.374,-13513,-11190
13.375,-13525,-11200
13.376,-13537,-11210
13.377,-13549,-11220
13.378,-13560,-11229
13.379,-13571,-11239
13.38,-13583,-11249
13.381,-13595,-11259
13.381,-13607,-11269
13.382,-13618,-11279
13.383,-13630,-11288
13.384,-13642,-11298
13.385,-13653,-11308
13.386,-13665,-11318
13.387,-13676,-11327
13.388,-13688,-11337
13.389,-13700,-11347
13.389,-13711,-11357
13.39,-13722,-11367
13.391,-13734,-11376
13.392,-13746,-11386
13.393,-13758,-11396
13.394,-13770,-11406
13.395,-13781,-11415
13.396,-13792,-11425
13.396,-13804,-11435
13.397,-13816,-11445
13.398,-13828,-11455
13.399,-13839,-11464
13.4,-13850,-11474
13.401,-13862,-11484
13.402,-13874,-11494
13.403,-13886,-11504
13.404,-13897,-11513
13.404,-13908,-11523
13.405,-13920,-11533
13.406,-13932,-11543
13.407,-13943,-11552
13.408,-13954,-11562
13.409,-13966,-11572
13.41,-13978,-11582
13.411,-13990,-11592
13.412,-14001,-11601
13.412,-14012,-11611
13.413,-14024,-11621
13.414,-14036,-11630
13.415,-14048,-11640
13.416,-14058,-11649
13.417,-14070,-11659
13.418,-14082,-11669
13.419,-14094,-11679
13.42,-14105,-11689
13.42,-14116,-11698
13.421,-14128,-11708
13.422,-14140,-11718
13.423,-14151,-11728
13.424,-14163,-11738
13.425,-14174,-11747
13.426,-14186,-11757
13.427,-14197,-11766
13.428,-14209,-11776
13.428,-14220,-11785
13.429,-14232,-11795
13.43,-14243,-11805
13.431,-14255,-11815
13.432,-14267,-11825
13.433,-14277,-11834
13.434,-14289,-11844
13.435,-14301,-11854
13.436,-14312,-11864
13.437,-14324,-11873
13.437,-14335,-11883
13.438,-14347,-11892
13.439,-14358,-11902
13.44,-14370,-11912
13.441,-14382,-11922
13.442,-14392,-11931
13.443,-14404,-11941
13.444,-14416,-11951
13.445,-14427,-11960
13.445,-14439,-11970
13.446,-14450,-11979
13.447,-14462,-11989
13.448,-14473,-11999
13.449,-14485,-12009
13.45,-14496,-12018
13.451,-14507,-12028
13.452,-14519,-12038
13.453,-14531,-12047
13.453,-14542,-12057
13.454,-14553,-12066
13.455,-14565,-12076
13.456,-14576,-12086
13.457,-14588,-12096
13.458,-14600,-12106
13.459,-14610,-12115
13.46,-14622,-12124
13.46,-14634,-12134
13.461,-14645,-12144
13.462,-14657,-12154
13.463,-14667,-12163
13.464,-14680,-12173
13.465,-14691,-12183
13.466,-14703,-12192
13.467,-14714,-12202
13.468,-14725,-12212
13.469,-14737,-12221
13.469,-14748,-12231
13.47,-14760,-12241
13.471,-14771,-12250
13.472,-14782,-12260
13.473,-14794,-12269
13.474,-14805,-12279
13.475,-14817,-12289
13.476,-14828,-12298
13.477,-14839,-12308
13.477,-14851,-12318
13.478,-14862,-12327
13.479,-14874,-12337
13.48,-14885,-12346
13.481,-14896,-12356
13.482,-14908,-12366
13.483,-14919,-12375
13.484,-14931,-12385
13.485,-14942,-12394
13.485,-14953,-12404
13.486,-14965,-12414
13.487,-14976,-12423
13.488,-14987,-12433
13.489,-14999,-12442
13.49,-15010,-12452
13.491,-15022,-12462
13.492,-15033,-12471
13.493,-15044,-12481
13.493,-15056,-12490
13.494,-15067,-12500
13.495,-15078,-12509
13.496,-15090,-12519
13.497,-15101,-12529
13.498,-15112,-12538
13.499,-15124,-12548
13.5,-15135,-12557
13.501,-15146,-12567
13.501,-15158,-12576
13.502,-15169,-12586
13.503,-15180,-12596
13.504,-15192,-12605
13.505,-15203,-12615
13.506,-15214,-12624
13.507,-15226,-12634
13.508,-15237,-12643
13.509,-15248,-12653
13.509,-15260,-12663
13.51,-15271,-12672
13.511,-15282,-12682
13.512,-15294,-12691
13.513,-15305,-12701
13.514,-15316,-12710
13.515,-15328,-12720
13.516,-15339,-12729
13.517,-15350,-12739
13.517,-15362,-12748
13.518,-15373,-12758
13.519,-15384,-12768
13.52,-15395,-12777
13.521,-15407,-12787
13.522,-15418,-12796
13.523,-15429,-12806
13.524,-15441,-12815
13.525,-15452,-12825
13.525,-15463,-12834
13.526,-15474,-12844
13.527,-15486,-12853
13.528,-15497,-12863
13.529,-15508,-12872
13.53,-15520,-12882
13.531,-15531,-12891
13.532,-15542,-12901
13.533,-15553,-12910
13.533,-15565,-12920
13.534,-15576,-12929
13.535,-15587,-12939
13.536,-15598,-12948
13.537,-15610,-12958
13.538,-15621,-12967
13.539,-15632,-12977
13.54,-15643,-12986
13.541,-15655,-12996
13.541,-15666,-13005
13.542,-15677,-13015
13.543,-15688,-13024
13.544,-15700,-13034
13.545,-15711,-13043
13.546,-15722,-13053
13.547,-15733,-13062
13.548,-15745,-13072
13.549,-15756,-13081
13.549,-15767,-13091
13.55,-15778,-13100
13.551,-15789,-13110
13.552,-15801,-13119
13.553,-15812,-13129
13.554,-15823,-13138
13.555,-15834,-13148
13.556,-15845,-13157
13.557,-15857,-13167
13.557,-15868,-13176
13.558,-15879,-13186
13.559,-15890,-13195
13.56,-15902,-13204
13.561,-15913,-13214
13.562,-15924,-13223
13.563,-15935,-13233
13.564,-15946,-13242
13.565,-15957,-13252
13.565,-15969,-13261
13.566,-15980,-13271
13.567,-15991,-13280
13.568,-16002,-13290
13.569,-16013,-13299
13.57,-16025,-13308
13.571,-16036,-13318
13.572,-16047,-13327
13.572,-16058,-13337
13.573,-16069,-13346
13.574,-16080,-13356
13.575,-16092,-13365
13.576,-16103,-13374
13.577,-16114,-13384
13.578,-16125,-13393
13.579,-16136,-13403
13.58,-16147,-13412
13.58,-16159,-13422
13.581,-16170,-13431
13.582,-16181,-13440
13.583,-16192,-13450
13.584,-16203,-13459
13.585,-16214,-13469
13.586,-16225,-13478
13.587,-16237,-13488
13.588,-16248,-13497
13.588,-16259,-13506
13.589,-16270,-13516
13.59,-16281,-13525
13.591,-16292,-13535
13.592,-16303,-13544
13.593,-16314,-13553
13.594,-16326,-13563
13.595,-16337,-13572
13.596,-16348,-13582
13.596,-16359,-13591
13.597,-16370,-13600
13.598,-16381,-13610
13.599,-16392,-13619
13.6,-16403,-13629
13.601,-16414,-13638
13.602,-16426,-13647
13.603,-16437,-13657
13.604,-16448,-13666
13.604,-16459,-13675
13.605,-16470,-13685
13.606,-16481,-13694
13.607,-16492,-13704
13.608,-16503,-13713
13.609,-16514,-13722
13.61,-16525,-13732
13.611,-16537,-13741
13.612,-16548,-13750
13.612,-16559,-13760
13.613,-16570,-13769
13.614,-16581,-13779
13.615,-16592,-13788
13.616,-16603,-13797
13.617,-16614,-13807
13.618,-16625,-13816
13.619,-16636,-13825
13.62,-16647,-13835
13.62,-16658,-13844
13.621,-16669,-13853
13.622,-16680,-13863
13.623,-16691,-13872
13.624,-16703,-13881
13.625,-16714,-13891
13.626,-16725,-13900
13.627,-16736,-13909
13.628,-16747,-13919
13.628,-16758,-13928
13.629,-16769,-13937
13.63,-16780,-13947
13.631,-16791,-13956
13.632,-16802,-13965
13.633,-16813,-13975
13.634,-16824,-13984
13.635,-16835,-13993
13.636,-16846,-14003
13.636,-16857,-14012
13.637,-16868,-14021
13.638,-16879,-14031
13.639,-16890,-14040
13.64,-16901,-14049
13.641,-16912,-14059
13.642,-16923,-14068
13.643,-16934,-14077
13.644,-16945,-14087
13.644,-16956,-14096
13.645,-16967,-14105
13.646,-16978,-14115
13.647,-16989,-14124
13.648,-17000,-14133
13.649,-17011,-14143
13.65,-17022,-14152
13.651,-17033,-14161
13.652,-17044,-14170
13.652,-17055,-14180
13.653,-17066,-14189
13.654,-17077,-14198
13.655,-17088,-14208
13.656,-17099,-14217
13.657,-17110,-14226
13.658,-17121,-14235
13.659,-17132,-14245
13.66,-17143,-14254
13.66,-17154,-14263
13.661,-17165,-14273
13.662,-17176,-14282
13.663,-17187,-14291
13.664,-17198,-14300
13.665,-17209,-14310
13.666,-17220,-14319
13.667,-17231,-14328
13.668,-17242,-14337
13.668,-17253,-14347
13.669,-17264,-14356
13.67,-17274,-14365
13.671,-17285,-14375
13.672,-17296,-14384
13.673,-17307,-14393
13.674,-17318,-14402
13.675,-17329,-14412
13.676,-17340,-14421
13.676,-17351,-14430
13.677,-17362,-14439
13.678,-17373,-14449
13.679,-17384,-14458
13.68,-17395,-14467
13.681,-17406,-14476
13.682,-17417,-14486
13.683,-17428,-14495
13.684,-17438,-14504
13.684,-17449,-14513
13.685,-17460,-14523
13.686,-17471,-14532
13.687,-17482,-14541
13.688,-17493,-14550
13.689,-17504,-14559
13.69,-17515,-14569
13.691,-17526,-14578
13.692,-17537,-14587
13.692,-17548,-14596
13.693,-17558,-14606
13.694,-17569,-14615
13.695,-17580,-14624
13.696,-17591,-14633
13.697,-17602,-14642
13.698,-17613,-14652
13.699,-17624,-14661
13.7,-17635,-14670
13.7,-17646,-14679
13.701,-17656,-14689
13.702,-17667,-14698
13.703,-17678,-14707
13.704,-17689,-14716
13.705,-17700,-14725
13.706,-17711,-14735
13.707,-17722,-14744
13.708,-17733,-14753
13.708,-17743,-14762
13.709,-17754,-14771
13.71,-17765,-14781
13.711,-17776,-14790
13.712,-17787,-14799
13.713,-17798,-14808
13.714,-17809,-14817
13.715,-17819,-14827
13.716,-17830,-14836
13.716,-17841,-14845
13.717,-17852,-14854
13.718,-17863,-14863
13.719,-17874,-14872
13.72,-17884,-14882
13.721,-17896,-14891
13.722,-17907,-14900
13.723,-17917,-14909
13.724,-17928,-14918
13.725,-17939,-14928
13.725,-17950,-14937
13.726,-17961,-14946
13.727,-17971,-14955
13.728,-17982,-14964
13.729,-17993,-14974
13.73,-18004,-14983
13.731,-18015,-14992
13.732,-18025,-15001
13.733,-18037,-15011
13.733,-18047,-15020
13.734,-18058,-15029
13.735,-18069,-15038
13.736,-18079,-15047
13.737,-18091,-15056
13.738,-18101,-15065
13.739,-18112,-15074
13.74,-18123,-15083
13.741,-18134,-15093
13.741,-18145,-15102
13.742,-18155,-15111
13.743,-18166,-15120
13.744,-18176,-15129
13.745,-18188,-15139
13.746,-18198,-15147
13.747,-18209,-15156
13.748,-18220,-15165
13.749,-18231,-15175
13.749,-18242,-15184
13.75,-18252,-15193
13.751,-18263,-15202
13.752,-18273,-15211
13.753,-18285,-15221
13.754,-18295,-15230
13.755,-18306,-15239
13.756,-18317,-15248
13.757,-18328,-15257
13.757,-18339,-15266
13.758,-18349,-15275
13.759,-18360,-15284
13.76,-18370,-15293
13.761,-18382,-15303
13.762,-18392,-15312
13.763,-18403,-15321
13.764,-18413,-15330
13.765,-18425,-15339
13.765,-18435,-15348
13.766,-18446,-15357
13.767,-18456,-15366
13.768,-18467,-15375
13.769,-18478,-15385
13.77,-18489,-15394
13.771,-18499,-15403
13.772,-18510,-15411
13.773,-18521,-15421
13.773,-18532,-15430
13.774,-18542,-15439
13.775,-18553,-15448
13.776,-18564,-15457
13.777,-18575,-15466
13.778,-18585,-15475
13.779,-18596,-15484
13.78,-18607,-15493
13.781,-18618,-15503
13.781,-18628,-15512
13.782,-18639,-15521
13.783,-18649,-15530
13.784,-18660,-15538
13.785,-18671,-15548
13.786,-18682,-15557
13.787,-18692,-15566
13.788,-18703,-15575
13.789,-18714,-15584
13.789,-18725,-15593
13.79,-18735,-15602
13.791,-18746,-15611
13.792,-18756,-15620
13.793,-18768,-15630
13.794,-18778,-15639
13.795,-18789,-15647
13.796,-18799,-15656
13.797,-18810,-15666
13.797,-18821,-15675
13.798,-18831,-15684
13.799,-18842,-15693
13.8,-18852,-15701
13.801,-18864,-15711
13.802,-18874,-15720
13.803,-18885,-15729
13.804,-18895,-15738
13.805,-18906,-15747
13.805,-18917,-15756
13.806,-18927,-15765
13.807,-18938,-15774
13.808,-18948,-15783
13.809,-18960,-15792
13.81,-18970,-15801
13.811,-18981,-15810
13.812,-18991,-15819
13.813,-19002,-15828
13.813,-19013,-15837
13.814,-19023,-15846
13.815,-19034,-15855
13.816,-19044,-15864
13.817,-19055,-15873
13.818,-19066,-15882
13.819,-19076,-15891
13.82,-19087,-15900
13.821,-19098,-15910
13.821,-19108,-15918
13.822,-19119,-15927
13.823,-19129,-15936
13.824,-19140,-15945
13.825,-19151,-15955
13.826,-19161,-15963
13.827,-19172,-15972
13.828,-19182,-15981
13.829,-19194,-15991
13.829,-19204,-15999
13.83,-19214,-16008
13.831,-19225,-16017
13.832,-19235,-16026
13.833,-19246,-16035
13.834,-19257,-16044
13.835,-19267,-16053
13.836,-19278,-16062
13.837,-19289,-16071
13.837,-19299,-16080
13.838,-19310,-16089
13.839,-19320,-16098
13.84,-19331,-16107
13.841,-19342,-16116
13.842,-19352,-16125
13.843,-19363,-16134
13.844,-19373,-16143
13.845,-19384,-16152
13.845,-19395,-16161
13.846,-19405,-16170
13.847,-19415,-16179
13.848,-19426,-16188
13.849,-19437,-16197
13.85,-19447,-16206
13.851,-19458,-16215
13.852,-19468,-16223
13.853,-19479,-16233
13.853,-19490,-16242
13.854,-19500,-16251
13.855,-19511,-16259
13.856,-19521,-16268
13.857,-19532,-16278
13.858,-19542,-16286
13.859,-19553,-16295
13.86,-19563,-16304
13.861,-19574,-16313
13.861,-19585,-16322
13.862,-19595,-16331
13.863,-19605,-16340
13.864,-19616,-16349
13.865,-19627,-16358
13.866,-19637,-16367
13.867,-19648,-16376
13.868,-19658,-16384
13.869,-19669,-16394
13.869,-19680,-16403
13.87,-19690,-16411
13.871,-19700,-16420
13.872,-19711,-16429
13.873,-19722,-16438
13.874,-19732,-16447
13.875,-19742,-16456
13.876,-19753,-16465
13.877,-19764,-16474
13.877,-19774,-16483
13.878,-19785,-16492
13.879,-19795,-16500
13.88,-19805,-16509
13.881,-19816,-16519
13.882,-19827,-16527
13.883,-19837,-16536
13.884,-19847,-16545
13.885,-19858,-16554
13.885,-19869,-16563
13.886,-19879,-16572
13.887,-19889,-16581
13.888,-19900,-16589
13.889,-19911,-16599
13.89,-19921,-16607
13.891,-19931,-16616
13.892,-19942,-16625
13.893,-19953,-16634
13.893,-19963,-16643
13.894,-19973,-16652
13.895,-19984,-16661
13.896,-19994,-16669
13.897,-20005,-16679
13.898,-20015,-16687
13.899,-20026,-16696
13.9,-20036,-16705
13.901,-20047,-16714
13.901,-20057,-16723
13.902,-20068,-16732
13.903,-20078,-16740
13.904,-20088,-16749
13.905,-20099,-16759
13.906,-20110,-16767
13.907,-20120,-16776
13.908,-20130,-16785
13.909,-20141,-16794
13.909,-20151,-16803
13.91,-20162,-16811
13.911,-20172,-16820
13.912,-20182,-16829
13.913,-20193,-16838
13.914,-20204,-16847
13.915,-20214,-16856
13.916,-20224,-16864
13.917,-20235,-16874
13.917,-20245,-16882
13.918,-20256,-16891
13.919,-20266,-16900
13.92,-20276,-16909
13.921,-20287,-16918
13.922,-20297,-16927
13.923,-20308,-16935
13.924,-20318,-16944
13.925,-20329,-16953
13.925,-20339,-16962
13.926,-20349,-16971
13.927,-20360,-16979
13.928,-20370,-16988
13.929,-20381,-16997
13.93,-20391,-17006
13.931,-20401,-17015
13.932,-20412,-17023
13.933,-20423,-17033
13.933,-20433,-17041
13.934,-20443,-17050
13.935,-20453,-17059
13.936,-20464,-17067
13.937,-20475,-17077
13.938,-20485,-17085
13.939,-20495,-17094
13.94,-20505,-17103
13.941,-20516,-17112
13.941,-20526,-17121
13.942,-20537,-17129
13.943,-20547,-17138
13.944,-20557,-17147
13.945,-20568,-17156
13.946,-20578,-17165
13.947,-20588,-17173
13.948,-20599,-17182
13.949,-20610,-17191
13.949,-20620,-17200
13.95,-20630,-17209
13.951,-20640,-17217
13.952,-20650,-17226
13.953,-20661,-17235
13.954,-20672,-17244
13.955,-20682,-17253
13.956,-20692,-17261
13.957,-20703,-17270
13.957,-20713,-17279
13.958,-20723,-17288
13.959,-20733,-17296
13.96,-20744,-17305
13.961,-20754,-17314
13.962,-20765,-17323
13.963,-20775,-17332
13.964,-20785,-17340
13.965,-20796,-17349
13.965,-20806,-17358
13.966,-20816,-17367
13.967,-20826,-17375
13.968,-20837,-17384
13.969,-20848,-17393
13.97,-20858,-17402
13.971,-20868,-17410
13.972,-20878,-17419
13.973,-20889,-17428
13.973,-20899,-17437
13.974,-20909,-17446
13.975,-20919,-17454
13.976,-20930,-17463
13.977,-20940,-17472
13.978,-20951,-17481
13.979,-20961,-17489
13.98,-20971,-17498
13.981,-20982,-17507
13.981,-20992,-17516
13.982,-21002,-17524
13.983,-21012,-17533
13.984,-21022,-17541
13.985,-21033,-17551
13.986,-21043,-17559
13.987,-21053,-17568
13.988,-21064,-17577
13.989,-21074,-17586
13.989,-21085,-17594
13.99,-21095,-17603
13.991,-21105,-17611
13.992,-21115,-17620
13.993,-21126,-17629
13.994,-21136,-17638
13.995,-21146,-17646
13.996,-21156,-17655
13.997,-21167,-17664
13.997,-21177,-17673
13.998,-21187,-17681
13.999,-21198,-17690
14,-21208,-17699
14.001,-21218,-17708
14.002,-21228,-17716
14.003,-21239,-17725
14.004,-21249,-17734
14.005,-21259,-17743
14.005,-21269,-17751
14.006,-21280,-17760
14.007,-21290,-17769
14.008,-21300,-17777
14.009,-21311,-17786
14.01,-21321,-17794
14.011,-21331,-17803
14.012,-21341,-17812
14.013,-21352,-17821
14.013,-21362,-17829
14.014,-21372,-17838
14.015,-21382,-17847
14.016,-21392,-17855
14.017,-21403,-17864
14.018,-21413,-17873
14.019,-21423,-17882
14.02,-21433,-17890
14.021,-21444,-17899
14.021,-21454,-17908
14.022,-21464,-17917
14.023,-21474,-17925
14.024,-21484,-17933
14.025,-21495,-17942
14.026,-21505,-17951
14.027,-21515,-17960
14.028,-21525,-17968
14.029,-21536,-17977
14.029,-21546,-17986
14.03,-21556,-17995
14.031,-21566,-18003
14.032,-21577,-18012
14.033,-21587,-18020
14.034,-21597,-18029
14.035,-21607,-18038
14.036,-21617,-18046
14.037,-21628,-18055
14.037,-21638,-18063
14.038,-21648,-18072
14.039,-21658,-18081
14.04,-21669,-18090
14.041,-21679,-18098
14.042,-21688,-18107
14.043,-21699,-18116
14.044,-21709,-18124
14.045,-21720,-18133
14.045,-21729,-18141
14.046,-21740,-18150
14.047,-21750,-18159
14.048,-21760,-18168
14.049,-21770,-18176
14.05,-21780,-18184
14.051,-21791,-18193
14.052,-21801,-18202
14.053,-21811,-18211
14.053,-21821,-18219
14.054,-21832,-18228
14.055,-21841,-18236
14.056,-21852,-18245
14.057,-21862,-18254
14.058,-21872,-18263
14.059,-21882,-18271
14.06,-21892,-18279
14.061,-21903,-18288
14.061,-21912,-18297
14.062,-21923,-18306
14.063,-21933,-18314
14.064,-21943,-18323
14.065,-21953,-18331
14.066,-21964,-18340
14.067,-21974,-18348
14.068,-21983,-18357
14.069,-21994,-18366
14.069,-22004,-18374
14.07,-22014,-18383
14.071,-22024,-18391
14.072,-22035,-18400
14.073,-22044,-18409
14.074,-22055,-18418
14.075,-22065,-18426
14.076,-22075,-18434
14.076,-22085,-18443
14.077,-22095,-18451
14.078,-22105,-18460
14.079,-22115,-18469
14.08,-22126,-18478
14.081,-22136,-18486
14.082,-22146,-18495
14.083,-22156,-18503
14.084,-22166,-18512
14.084,-22176,-18520
14.085,-22186,-18529
14.086,-22197,-18538
14.087,-22206,-18546
14.088,-22217,-18555
14.089,-22227,-18563
14.09,-22237,-18572
14.091,-22247,-18580
14.092,-22257,-18589
14.092,-22267,-18598
14.093,-22277,-18606
14.094,-22287,-18615
14.095,-22297,-18623
14.096,-22308,-18632
14.097,-22317,-18640
14.098,-22328,-18649
14.099,-22338,-18657
14.1,-22348,-18666
14.1,-22358,-18675
14.101,-22368,-18683
14.102,-22378,-18692
14.103,-22388,-18700
14.104,-22398,-18709
14.105,-22408,-18717
14.106,-22419,-18726
14.107,-22428,-18734
14.108,-22439,-18743
14.108,-22449,-18752
14.109,-22458,-18760
14.11,-22469,-18769
14.111,-22479,-18777
14.112,-22489,-18786
14.113,-22499,-18794
14.114,-22509,-18803
14.115,-22519,-18811
14.116,-22529,-18820
14.116,-22539,-18828
14.117,-22550,-18837
14.118,-22559,-18846
14.119,-22569,-18854
14.12,-22580,-18863
14.121,-22589,-18871
14.122,-22600,-18880
14.123,-22610,-18888
14.124,-22620,-18897
14.124,-22630,-18905
14.125,-22640,-18914
14.126,-22650,-18922
14.127,-22660,-18931
14.128,-22670,-18939
14.129,-22680,-18948
14.13,-22690,-18956
14.131,-22700,-18965
14.132,-22710,-18974
14.132,-22720,-18982
14.133,-22730,-18991
14.134,-22740,-18999
14.135,-22750,-19007
14.136,-22760,-19016
14.137,-22770,-19024
14.138,-22780,-19033
14.139,-22790,-19041
14.14,-22800,-19050
14.14,-22810,-19058
14.141,-22821,-19067
14.142,-22830,-19075
14.143,-22841,-19084
14.144,-22850,-19092
14.145,-22860,-19101
14.146,-22870,-19109
14.147,-22880,-19118
14.148,-22891,-19126
14.148,-22900,-19135
14.149,-22911,-19144
14.15,-22920,-19152
14.151,-22931,-19161
14.152,-22940,-19169
14.153,-22950,-19177
14.154,-22960,-19186
14.155,-22970,-19194
14.156,-22980,-19203
14.156,-22990,-19211
14.157,-23001,-19220
14.158,-23010,-19228
14.159,-23021,-19237
14.16,-23030,-19245
14.161,-23040,-19253
14.162,-23050,-19262
14.163,-23060,-19270
14.164,-23070,-19279
14.164,-23080,-19287
14.165,-23090,-19296
14.166,-23100,-19304
14.167,-23110,-19313
14.168,-23120,-19321
14.169,-23130,-19330
14.17,-23140,-19338
14.171,-23150,-19346
14.172,-23160,-19355
14.172,-23170,-19363
14.173,-23180,-19372
14.174,-23190,-19380
14.175,-23200,-19389
14.176,-23210,-19397
14.177,-23220,-19406
14.178,-23230,-19414
14.179,-23239,-19422
14.18,-23250,-19431
14.18,-23259,-19439
14.181,-23270,-19448
14.182,-23279,-19456
14.183,-23289,-19465
14.184,-23299,-19473
14.185,-23309,-19482
14.186,-23319,-19490
14.187,-23329,-19498
14.188,-23339,-19507
14.188,-23349,-19515
14.189,-23359,-19524
14.19,-23369,-19532
14.191,-23379,-19541
14.192,-23388,-19549
14.193,-23399,-19558
14.194,-23408,-19566
14.195,-23418,-19574
14.196,-23428,-19583
14.196,-23438,-19591
14.197,-23448,-19600
14.198,-23458,-19608
14.199,-23468,-19616
14.2,-23478,-19625
14.201,-23488,-19633
14.202,-23498,-19642
14.203,-23508,-19650
14.204,-23518,-19658
14.204,-23527,-19667
14.205,-23537,-19675
14.206,-23547,-19683
14.207,-23557,-19692
14.208,-23567,-19700
14.209,-23577,-19709
14.21,-23587,-19717
14.211,-23597,-19726
14.212,-23607,-19734
14.212,-23616,-19742
14.213,-23626,-19751
14.214,-23636,-19759
14.215,-23646,-19768
14.216,-23656,-19776
14.217,-23666,-19784
14.218,-23676,-19793
14.219,-23686,-19801
14.22,-23696,-19809
14.22,-23705,-19818
14.221,-23715,-19826
14.222,-23725,-19834
14.223,-23735,-19843
14.224,-23745,-19851
14.225,-23755,-19860
14.226,-23765,-19868
14.227,-23775,-19877
14.228,-23784,-19885
14.229,-23795,-19893
14.229,-23804,-19902
14.23,-23814,-19910
14.231,-23824,-19918
14.232,-23834,-19926
14.233,-23844,-19935
14.234,-23853,-19943
14.235,-23864,-19952
14.236,-23873,-19960
14.237,-23883,-19969
14.237,-23893,-19977
14.238,-23902,-19985
14.239,-23913,-19994
14.24,-23922,-20002
14.241,-23932,-20010
14.242,-23942,-20018
14.243,-23952,-20027
14.244,-23962,-20035
14.245,-23972,-20044
14.245,-23981,-20052
14.246,-23991,-20060
14.247,-24001,-20069
14.248,-24011,-20077
14.249,-24021,-20085
14.25,-24030,-20093
14.251,-24041,-20102
14.252,-24050,-20110
14.253,-24060,-20119
14.253,-24070,-20127
14.254,-24080,-20136
14.255,-24090,-20144
14.256,-24099,-20152
14.257,-24109,-20160
14.258,-24119,-20168
14.259,-24129,-20177
14.26,-24139,-20185
14.261,-24149,-20194
14.261,-24158,-20202
14.262,-24168,-20210
14.263,-24178,-20218
14.264,-24187,-20227
14.265,-24198,-20235
14.266,-24207,-20243
14.267,-24217,-20252
14.268,-24227,-20260
14.268,-24236,-20268
14.269,-24246,-20277
14.27,-24257,-20285
14.271,-24266,-20293
14.272,-24276,-20302
14.273,-24286,-20310
14.274,-24295,-20318
14.275,-24305,-20326
14.276,-24315,-20335
14.276,-24325,-20343
14.277,-24335,-20351
14.278,-24345,-20360
14.279,-24355,-20368
14.28,-24364,-20376
14.281,-24374,-20385
14.282,-24384,-20393
14.283,-24393,-20401
14.284,-24403,-20409
14.285,-24413,-20418
14.285,-24422,-20426
14.286,-24432,-20434
14.287,-24442,-20443
14.288,-24452,-20451
14.289,-24462,-20459
14.29,-24472,-20468
14.291,-24481,-20475
14.292,-24491,-20484
14.293,-24501,-20492
14.293,-24510,-20500
14.294,-24520,-20509
14.295,-24530,-20517
14.296,-24539,-20525
14.297,-24549,-20534
14.298,-24559,-20542
14.299,-24569,-20550
14.3,-24579,-20558
14.301,-24589,-20567
14.301,-24599,-20575
14.302,-24608,-20583
14.303,-24618,-20591
14.304,-24628,-20600
14.305,-24637,-20608
14.306,-24647,-20616
14.307,-24657,-20625
14.308,-24666,-20633
14.308,-24676,-20641
14.309,-24686,-20649
14.31,-24695,-20657
14.311,-24705,-20666
14.312,-24715,-20674
14.313,-24725,-20682
14.314,-24735,-20690
14.315,-24744,-20699
14.316,-24754,-20707
14.316,-24764,-20715
14.317,-24774,-20724
14.318,-24783,-20731
14.319,-24793,-20740
14.32,-24803,-20748
14.321,-24813,-20757
14.322,-24822,-20765
14.323,-24832,-20773
14.324,-24842,-20781
14.324,-24851,-20789
14.325,-24861,-20798
14.326,-24871,-20806
14.327,-24880,-20814
14.328,-24890,-20822
14.329,-24900,-20831
14.33,-24909,-20838
14.331,-24919,-20847
14.332,-24929,-20855
14.332,-24938,-20863
14.333,-24948,-20872
14.334,-24958,-20880
14.335,-24967,-20888
14.336,-24977,-20896
14.337,-24987,-20905
14.338,-24996,-20912
14.339,-25006,-20921
14.34,-25016,-20929
14.341,-25026,-20938
14.341,-25035,-20945
14.342,-25045,-20954
14.343,-25055,-20962
14.344,-25064,-20970
14.345,-25074,-20978
14.346,-25084,-20987
14.347,-25093,-20995
14.348,-25103,-21003
14.349,-25113,-21011
14.349,-25122,-21019
14.35,-25132,-21027
14.351,-25142,-21036
14.352,-25151,-21044
14.353,-25161,-21052
14.354,-25171,-21060
14.355,-25180,-21068
14.356,-25190,-21077
14.357,-25200,-21085
14.357,-25209,-21093
14.358,-25219,-21101
14.359,-25229,-21109
14.36,-25238,-21117
14.361,-25248,-21126
14.362,-25258,-21134
14.363,-25268,-21142
14.364,-25277,-21150
14.365,-25287,-21158
14.365,-25297,-21167
14.366,-25306,-21175
14.367,-25316,-21183
14.368,-25326,-21191
14.369,-25335,-21199
14.37,-25345,-21207
14.371,-25354,-21216
14.372,-25364,-21224
14.372,-25373,-21232
14.373,-25383,-21240
14.374,-25392,-21248
14.375,-25402,-21256
14.376,-25412,-21265
14.377,-25421,-21272
14.378,-25431,-21281
14.379,-25441,-21289
14.38,-25450,-21297
14.38,-25460,-21305
14.381,-25470,-21314
14.382,-25480,-21322
14.383,-25489,-21330
14.384,-25499,-21338
14.385,-25508,-21346
14.386,-25518,-21354
14.387,-25527,-21362
14.388,-25537,-21371
14.388,-25546,-21379
14.389,-25556,-21387
14.39,-25566,-21395
14.391,-25575,-21403
14.392,-25585,-21411
14.393,-25595,-21420
14.394,-25604,-21427
14.395,-25614,-21436
14.396,-25624,-21444
14.396,-25633,-21452
14.397,-25643,-21460
14.398,-25652,-21468
14.399,-25662,-21476
14.4,-25671,-21484
14.401,-25681,-21493
14.402,-25690,-21500
14.403,-25700,-21509
14.404,-25710,-21517
14.405,-25720,-21525
14.405,-25729,-21533
14.406,-25739,-21541
14.407,-25748,-21550
14.408,-25758,-21557
14.409,-25767,-21566
14.41,-25777,-21574
14.411,-25786,-21582
14.412,-25796,-21590
14.413,-25806,-21598
14.413,-25815,-21606
14.414,-25825,-21614
14.415,-25835,-21623
14.416,-25844,-21630
14.417,-25853,-21639
14.418,-25863,-21647
14.419,-25872,-21655
14.42,-25882,-21663
14.421,-25892,-21671
14.421,-25901,-21679
14.422,-25911,-21687
14.423,-25921,-21695
14.424,-25930,-21704
14.425,-25939,-21711
14.426,-25949,-21720
14.427,-25959,-21728
14.428,-25968,-21736
14.428,-25978,-21744
14.429,-25988,-21752
14.43,-25997,-21760
14.431,-26006,-21768
14.432,-26016,-21776
14.433,-26025,-21784
14.434,-26035,-21792
14.435,-26045,-21801
14.436,-26054,-21808
14.436,-26064,-21817
14.437,-26073,-21825
14.438,-26082,-21832
14.439,-26092,-21841
14.44,-26102,-21849
14.441,-26111,-21857
14.442,-26121,-21865
14.443,-26130,-21873
14.444,-26140,-21881
14.444,-26149,-21889
14.445,-26159,-21897
14.446,-26169,-21906
14.447,-26178,-21913
14.448,-26188,-21921
14.449,-26197,-21930
14.45,-26206,-21937
14.451,-26216,-21946
14.452,-26226,-21954
14.452,-26235,-21962
14.453,-26245,-21970
14.454,-26254,-21978
14.455,-26263,-21986
14.456,-26273,-21994
14.457,-26283,-22002
14.458,-26292,-22010
14.459,-26302,-22018
14.46,-26311,-22026
14.46,-26320,-22034
14.461,-26330,-22042
14.462,-26340,-22050
14.463,-26349,-22058
14.464,-26359,-22066
14.465,-26368,-22074
14.466,-26378,-22083
14.467,-26387,-22090
14.468,-26397,-22099
14.469,-26406,-22107
14.469,-26415,-22114
14.47,-26425,-22123
14.471,-26435,-22131
14.472,-26444,-22139
14.473,-26454,-22147
14.474,-26463,-22155
14.475,-26472,-22163
14.476,-26482,-22171
14.477,-26492,-22179
14.477,-26501,-22187
14.478,-26510,-22195
14.479,-26520,-22203
14.48,-26529,-22211
14.481,-26539,-22219
14.482,-26549,-22227
14.483,-26558,-22235
14.484,-26567,-22243
14.485,-26577,-22251
14.485,-26587,-22259
14.486,-26596,-22267
14.487,-26605,-22275
14.488,-26615,-22283
14.489,-26624,-22291
14.49,-26634,-22299
14.491,-26643,-22307
14.492,-26652,-22315
14.492,-26662,-22323
14.493,-26672,-22331
14.494,-26681,-22339
14.495,-26690,-22347
14.496,-26700,-22355
14.497,-26709,-22363
14.498,-26719,-22371
14.499,-26728,-22379
14.5,-26737,-22387
14.5,-26747,-22395
14.501,-26757,-22403
14.502,-26766,-22411
14.503,-26775,-22419
14.504,-26785,-22427
14.505,-26794,-22435
14.506,-26804,-22443
14.507,-26813,-22451
14.508,-26823,-22459
14.508,-26832,-22467
14.509,-26841,-22475
14.51,-26851,-22483
14.511,-26860,-22491
14.512,-26870,-22499
14.513,-26879,-22507
14.514,-26888,-22515
14.515,-26898,-22523
14.516,-26908,-22531
14.516,-26917,-22538
14.517,-26926,-22547
14.518,-26936,-22555
14.519,-26945,-22562
14.52,-26954,-22571
14.521,-26964,-22579
14.522,-26973,-22586
14.523,-26983,-22594
14.524,-26992,-22603
14.524,-27001,-22610
14.525,-27011,-22618
14.526,-27021,-22626
14.527,-27030,-22635
14.528,-27039,-22642
14.529,-27049,-22650
14.53,-27058,-22658
14.531,-27067,-22666
14.532,-27077,-22674
14.533,-27087,-22682
14.533,-27095,-22690
14.534,-27105,-22698
14.535,-27115,-22706
14.536,-27124,-22714
14.537,-27133,-22722
14.538,-27143,-22730
14.539,-27152,-22737
14.54,-27161,-22746
14.541,-27171,-22754
14.541,-27180,-22761
14.542,-27190,-22769
14.543,-27199,-22777
14.544,-27208,-22785
14.545,-27218,-22793
14.546,-27227,-22801
14.547,-27237,-22809
14.548,-27246,-22817
14.549,-27255,-22825
14.549,-27265,-22833
14.55,-27274,-22841
14.551,-27283,-22849
14.552,-27293,-22857
14.553,-27302,-22864
14.554,-27312,-22873
14.555,-27321,-22881
14.556,-27331,-22889
14.557,-27340,-22896
14.557,-27349,-22904
14.558,-27358,-22912
14.559,-27368,-22920
14.56,-27377,-22928
14.561,-27386,-22936
14.562,-27396,-22944
14.563,-27405,-22952
14.564,-27415,-22960
14.565,-27424,-22968
14.565,-27433,-22976
14.566,-27443,-22983
14.567,-27452,-22991
14.568,-27462,-22999
14.569,-27470,-23007
14.57,-27480,-23015
14.571,-27489,-23023
14.572,-27499,-23031
14.572,-27508,-23039
14.573,-27517,-23046
14.574,-27527,-23054
14.575,-27536,-23062
14.576,-27546,-23070
14.577,-27555,-23078
14.578,-27564,-23086
14.579,-27574,-23094
14.58,-27583,-23102
14.58,-27592,-23109
14.581,-27601,-23117
14.582,-27611,-23125
14.583,-27620,-23133
14.584,-27629,-23141
14.585,-27639,-23149
14.586,-27648,-23157
14.587,-27658,-23165
14.588,-27667,-23173
14.589,-27676,-23181
14.589,-27686,-23189
14.59,-27695,-23197
14.591,-27704,-23204
14.592,-27713,-23212
14.593,-27722,-23220
14.594,-27732,-23228
14.595,-27741,-23236
14.596,-27751,-23244
14.596,-27760,-23252
14.597,-27769,-23259
14.598,-27779,-23267
14.599,-27788,-23275
14.6,-27797,-23283
14.601,-27807,-23291
14.602,-27816,-23299
14.603,-27825,-23306
14.604,-27834,-23314
14.604,-27844,-23322
14.605,-27853,-23330
14.606,-27862,-23338
14.607,-27872,-23346
14.608,-27881,-23354
14.609,-27890,-23362
14.61,-27900,-23370
14.611,-27909,-23377
14.612,-27918,-23385
14.613,-27928,-23393
14.613,-27937,-23401
14.614,-27946,-23408
14.615,-27955,-23416
14.616,-27964,-23424
14.617,-27974,-23432
14.618,-27983,-23440
14.619,-27992,-23448
14.62,-28002,-23456
14.62,-28011,-23464
14.621,-28020,-23472
14.622,-28030,-23479
14.623,-28039,-23487
14.624,-28048,-23495
14.625,-28058,-23503
14.626,-28066,-23510
14.627,-28076,-23518
14.628,-28085,-23526
14.628,-28094,-23534
14.629,-28104,-23542
14.63,-28113,-23550
14.631,-28122,-23558
14.632,-28132,-23565
14.633,-28141,-23573
14.634,-28150,-23581
14.635,-28160,-23589
14.636,-28169,-23597
14.636,-28178,-23604
14.637,-28187,-23612
14.638,-28196,-23620
14.639,-28206,-23628
14.64,-28215,-23636
14.641,-28224,-23644
14.642,-28233,-23651
14.643,-28243,-23659
14.644,-28252,-23667
14.645,-28261,-23675
14.645,-28271,-23683
14.646,-28280,-23691
14.647,-28289,-23699
14.648,-28298,-23706
14.649,-28307,-23714
14.65,-28317,-23722
14.651,-28326,-23729
14.652,-28335,-23737
14.652,-28344,-23745
14.653,-28354,-23753
14.654,-28363,-23761
14.655,-28372,-23769
14.656,-28382,-23776
14.657,-28391,-23784
14.658,-28400,-23792
14.659,-28409,-23800
14.66,-28418,-23807
14.66,-28427,-23815
14.661,-28437,-23823
14.662,-28446,-23831
14.663,-28455,-23839
14.664,-28464,-23846
14.665,-28474,-23854
14.666,-28483,-23862
